2023-02-28	NIFTY_MIDCAP150	13692.83
2023-03-01	NIFTY_MIDCAP150	13624.58
2023-03-02	NIFTY_MIDCAP150	13494.2
2023-03-03	NIFTY_MIDCAP150	13723.27
2023-03-06	NIFTY_MIDCAP150	13966.91
2023-03-07	NIFTY_MIDCAP150	13769.57
2023-03-08	NIFTY_MIDCAP150	13717.73
2023-03-09	NIFTY_MIDCAP150	13797.18
2023-03-10	NIFTY_MIDCAP150	13665.87
2023-03-13	NIFTY_MIDCAP150	13790.31
2023-03-14	NIFTY_MIDCAP150	13833.31
2023-03-15	NIFTY_MIDCAP150	13973.58
2023-03-16	NIFTY_MIDCAP150	14354.96
2023-03-17	NIFTY_MIDCAP150	14094.87
2023-03-20	NIFTY_MIDCAP150	14340.02
2023-03-21	NIFTY_MIDCAP150	14264.24
2023-03-22	NIFTY_MIDCAP150	14387.77
2023-03-23	NIFTY_MIDCAP150	14488.98
2023-03-24	NIFTY_MIDCAP150	14732.68
2023-03-27	NIFTY_MIDCAP150	14760.04
2023-03-28	NIFTY_MIDCAP150	14640.29
2023-03-29	NIFTY_MIDCAP150	14697.94
2023-03-30	NIFTY_MIDCAP150	14999.15
2023-03-31	NIFTY_MIDCAP150	15076.41
2023-04-03	NIFTY_MIDCAP150	14996.61
2023-04-04	NIFTY_MIDCAP150	14987.98
2023-04-05	NIFTY_MIDCAP150	15048.48
2023-04-06	NIFTY_MIDCAP150	15086.34
2023-04-07	NIFTY_MIDCAP150	15100.72
2023-04-10	NIFTY_MIDCAP150	15288.02
2023-04-11	NIFTY_MIDCAP150	15661.74
2023-04-12	NIFTY_MIDCAP150	15850.3
2023-04-13	NIFTY_MIDCAP150	15981.76
2023-04-14	NIFTY_MIDCAP150	16189.47
2023-04-17	NIFTY_MIDCAP150	16328.14
2023-04-18	NIFTY_MIDCAP150	16374.7
2023-04-19	NIFTY_MIDCAP150	16287.04
2023-04-20	NIFTY_MIDCAP150	16199.82
2023-04-21	NIFTY_MIDCAP150	16217.05
2023-04-24	NIFTY_MIDCAP150	16290.46
2023-04-25	NIFTY_MIDCAP150	16521.95
2023-04-26	NIFTY_MIDCAP150	16521.88
2023-04-27	NIFTY_MIDCAP150	16476.46
2023-04-28	NIFTY_MIDCAP150	16547.44
2023-05-01	NIFTY_MIDCAP150	16648.14
2023-05-02	NIFTY_MIDCAP150	16558.97
2023-05-03	NIFTY_MIDCAP150	16444.41
2023-05-04	NIFTY_MIDCAP150	16584.96
2023-05-05	NIFTY_MIDCAP150	16581.98
2023-05-08	NIFTY_MIDCAP150	16825.55
2023-05-09	NIFTY_MIDCAP150	16899.12
2023-05-10	NIFTY_MIDCAP150	16905.96
2023-05-11	NIFTY_MIDCAP150	16701.72
2023-05-12	NIFTY_MIDCAP150	16723.65
2023-05-15	NIFTY_MIDCAP150	16558.53
2023-05-16	NIFTY_MIDCAP150	16339.42
2023-05-17	NIFTY_MIDCAP150	16641.91
2023-05-18	NIFTY_MIDCAP150	16570.47
2023-05-19	NIFTY_MIDCAP150	16759.27
2023-05-22	NIFTY_MIDCAP150	16570.19
2023-05-23	NIFTY_MIDCAP150	16457.12
2023-05-24	NIFTY_MIDCAP150	16328.21
2023-05-25	NIFTY_MIDCAP150	16475.63
2023-05-26	NIFTY_MIDCAP150	16579.37
2023-05-29	NIFTY_MIDCAP150	16352.23
2023-05-30	NIFTY_MIDCAP150	16111.41
2023-05-31	NIFTY_MIDCAP150	16219.35
2023-06-01	NIFTY_MIDCAP150	16481.87
2023-06-02	NIFTY_MIDCAP150	16739.23
2023-06-05	NIFTY_MIDCAP150	16612.56
2023-06-06	NIFTY_MIDCAP150	16551.2
2023-06-07	NIFTY_MIDCAP150	16660.56
2023-06-08	NIFTY_MIDCAP150	16784.15
2023-06-09	NIFTY_MIDCAP150	16842.56
2023-06-12	NIFTY_MIDCAP150	16783.89
2023-06-13	NIFTY_MIDCAP150	16885.31
2023-06-14	NIFTY_MIDCAP150	16927.5
2023-06-15	NIFTY_MIDCAP150	16976.93
2023-06-16	NIFTY_MIDCAP150	17160.64
2023-06-19	NIFTY_MIDCAP150	17389.48
2023-06-20	NIFTY_MIDCAP150	17469.49
2023-06-21	NIFTY_MIDCAP150	17539.37
2023-06-22	NIFTY_MIDCAP150	17519.45
2023-06-23	NIFTY_MIDCAP150	17556.8
2023-06-26	NIFTY_MIDCAP150	17719.87
2023-06-27	NIFTY_MIDCAP150	17830.77
2023-06-28	NIFTY_MIDCAP150	17732.67
2023-06-29	NIFTY_MIDCAP150	17624.46
2023-06-30	NIFTY_MIDCAP150	17510.71
2023-07-03	NIFTY_MIDCAP150	17751.6
2023-07-04	NIFTY_MIDCAP150	17431.64
2023-07-05	NIFTY_MIDCAP150	17176.68
2023-07-06	NIFTY_MIDCAP150	17068.19
2023-07-07	NIFTY_MIDCAP150	17225.63
2023-07-10	NIFTY_MIDCAP150	17184.39
2023-07-11	NIFTY_MIDCAP150	17034.86
2023-07-12	NIFTY_MIDCAP150	17114.42
2023-07-13	NIFTY_MIDCAP150	17204.4
2023-07-14	NIFTY_MIDCAP150	17369.57
2023-07-17	NIFTY_MIDCAP150	17651.35
2023-07-18	NIFTY_MIDCAP150	17910.93
2023-07-19	NIFTY_MIDCAP150	18035.51
2023-07-20	NIFTY_MIDCAP150	18029.75
2023-07-21	NIFTY_MIDCAP150	18129.54
2023-07-24	NIFTY_MIDCAP150	18056.95
2023-07-25	NIFTY_MIDCAP150	18251.89
2023-07-26	NIFTY_MIDCAP150	18160.92
2023-07-27	NIFTY_MIDCAP150	18017.07
2023-07-28	NIFTY_MIDCAP150	18223.83
2023-07-31	NIFTY_MIDCAP150	17939.84
2023-08-01	NIFTY_MIDCAP150	17829.97
2023-08-02	NIFTY_MIDCAP150	17963.2
2023-08-03	NIFTY_MIDCAP150	17957.03
2023-08-04	NIFTY_MIDCAP150	17942.46
2023-08-07	NIFTY_MIDCAP150	17741.25
2023-08-08	NIFTY_MIDCAP150	17558.18
2023-08-09	NIFTY_MIDCAP150	17533.05
2023-08-10	NIFTY_MIDCAP150	17247.91
2023-08-11	NIFTY_MIDCAP150	17257.03
2023-08-14	NIFTY_MIDCAP150	17491.93
2023-08-15	NIFTY_MIDCAP150	17712.29
2023-08-16	NIFTY_MIDCAP150	17831.05
2023-08-17	NIFTY_MIDCAP150	17881.18
2023-08-18	NIFTY_MIDCAP150	17875.8
2023-08-21	NIFTY_MIDCAP150	17898.6
2023-08-22	NIFTY_MIDCAP150	17738.34
2023-08-23	NIFTY_MIDCAP150	17636.21
2023-08-24	NIFTY_MIDCAP150	17348.68
2023-08-25	NIFTY_MIDCAP150	17526.24
2023-08-28	NIFTY_MIDCAP150	17516.73
2023-08-29	NIFTY_MIDCAP150	17890.17
2023-08-30	NIFTY_MIDCAP150	17793.76
2023-08-31	NIFTY_MIDCAP150	17803.51
2023-09-01	NIFTY_MIDCAP150	17943.9
2023-09-04	NIFTY_MIDCAP150	18032.5
2023-09-05	NIFTY_MIDCAP150	18028.95
2023-09-06	NIFTY_MIDCAP150	18370.34
2023-09-07	NIFTY_MIDCAP150	18208.43
2023-09-08	NIFTY_MIDCAP150	18338.67
2023-09-11	NIFTY_MIDCAP150	18268.95
2023-09-12	NIFTY_MIDCAP150	18254.73
2023-09-13	NIFTY_MIDCAP150	18314.57
2023-09-14	NIFTY_MIDCAP150	18302.67
2023-09-15	NIFTY_MIDCAP150	18283.26
2023-09-18	NIFTY_MIDCAP150	18010.44
2023-09-19	NIFTY_MIDCAP150	18187.29
2023-09-20	NIFTY_MIDCAP150	17914.33
2023-09-21	NIFTY_MIDCAP150	18188.96
2023-09-22	NIFTY_MIDCAP150	18180.98
2023-09-25	NIFTY_MIDCAP150	18365.07
2023-09-26	NIFTY_MIDCAP150	17927.55
2023-09-27	NIFTY_MIDCAP150	17931.99
2023-09-28	NIFTY_MIDCAP150	17940.97
2023-09-29	NIFTY_MIDCAP150	17791.39
2023-10-02	NIFTY_MIDCAP150	17959.68
2023-10-03	NIFTY_MIDCAP150	17857.59
2023-10-04	NIFTY_MIDCAP150	17709.55
2023-10-05	NIFTY_MIDCAP150	17655.87
2023-10-06	NIFTY_MIDCAP150	17840.1
2023-10-09	NIFTY_MIDCAP150	17900.97
2023-10-10	NIFTY_MIDCAP150	17983.74
2023-10-11	NIFTY_MIDCAP150	18134.58
2023-10-12	NIFTY_MIDCAP150	18106.45
2023-10-13	NIFTY_MIDCAP150	18310.37
2023-10-16	NIFTY_MIDCAP150	18392.39
2023-10-17	NIFTY_MIDCAP150	18561.39
2023-10-18	NIFTY_MIDCAP150	18426.4
2023-10-19	NIFTY_MIDCAP150	18456.22
2023-10-20	NIFTY_MIDCAP150	18647.36
2023-10-23	NIFTY_MIDCAP150	19010.11
2023-10-24	NIFTY_MIDCAP150	19227.26
2023-10-25	NIFTY_MIDCAP150	19456.11
2023-10-26	NIFTY_MIDCAP150	19161.57
2023-10-27	NIFTY_MIDCAP150	19115.79
2023-10-30	NIFTY_MIDCAP150	19249.55
2023-10-31	NIFTY_MIDCAP150	18994.46
2023-11-01	NIFTY_MIDCAP150	19092.71
2023-11-02	NIFTY_MIDCAP150	19033.87
2023-11-03	NIFTY_MIDCAP150	18985.65
2023-11-06	NIFTY_MIDCAP150	19011.72
2023-11-07	NIFTY_MIDCAP150	19100.07
2023-11-08	NIFTY_MIDCAP150	19271.2
2023-11-09	NIFTY_MIDCAP150	19049.32
2023-11-10	NIFTY_MIDCAP150	19266.74
2023-11-13	NIFTY_MIDCAP150	19417.82
2023-11-14	NIFTY_MIDCAP150	19375.32
2023-11-15	NIFTY_MIDCAP150	19598.15
2023-11-16	NIFTY_MIDCAP150	19243.13
2023-11-17	NIFTY_MIDCAP150	19291.42
2023-11-20	NIFTY_MIDCAP150	19182.16
2023-11-21	NIFTY_MIDCAP150	18968.25
2023-11-22	NIFTY_MIDCAP150	18663.56
2023-11-23	NIFTY_MIDCAP150	18809.64
2023-11-24	NIFTY_MIDCAP150	18931.06
2023-11-27	NIFTY_MIDCAP150	19202.31
2023-11-28	NIFTY_MIDCAP150	19359.98
2023-11-29	NIFTY_MIDCAP150	19307.85
2023-11-30	NIFTY_MIDCAP150	19923.74
2023-12-01	NIFTY_MIDCAP150	20167.14
2023-12-04	NIFTY_MIDCAP150	19918.39
2023-12-05	NIFTY_MIDCAP150	19901.79
2023-12-06	NIFTY_MIDCAP150	19965.7
2023-12-07	NIFTY_MIDCAP150	19918.88
2023-12-08	NIFTY_MIDCAP150	20401.09
2023-12-11	NIFTY_MIDCAP150	20347.07
2023-12-12	NIFTY_MIDCAP150	20270.96
2023-12-13	NIFTY_MIDCAP150	20455.03
2023-12-14	NIFTY_MIDCAP150	20495.99
2023-12-15	NIFTY_MIDCAP150	20457.41
2023-12-18	NIFTY_MIDCAP150	20979.35
2023-12-19	NIFTY_MIDCAP150	21361.54
2023-12-20	NIFTY_MIDCAP150	21036.04
2023-12-21	NIFTY_MIDCAP150	21501.23
2023-12-22	NIFTY_MIDCAP150	21471.29
2023-12-25	NIFTY_MIDCAP150	21763.11
2023-12-26	NIFTY_MIDCAP150	22271.96
2023-12-27	NIFTY_MIDCAP150	22491.73
2023-12-28	NIFTY_MIDCAP150	23095.81
2023-12-29	NIFTY_MIDCAP150	23335.22
2024-01-01	NIFTY_MIDCAP150	23517.16
2024-01-02	NIFTY_MIDCAP150	23802.98
2024-01-03	NIFTY_MIDCAP150	23486.07
2024-01-04	NIFTY_MIDCAP150	23446.63
2024-01-05	NIFTY_MIDCAP150	23178.28
2024-01-08	NIFTY_MIDCAP150	23146.2
2024-01-09	NIFTY_MIDCAP150	23279.3
2024-01-10	NIFTY_MIDCAP150	23255.26
2024-01-11	NIFTY_MIDCAP150	23232.12
2024-01-12	NIFTY_MIDCAP150	22892.05
2024-01-15	NIFTY_MIDCAP150	22770.75
2024-01-16	NIFTY_MIDCAP150	23220.3
2024-01-17	NIFTY_MIDCAP150	23088.78
2024-01-18	NIFTY_MIDCAP150	23013.35
2024-01-19	NIFTY_MIDCAP150	23088.95
2024-01-22	NIFTY_MIDCAP150	23201.06
2024-01-23	NIFTY_MIDCAP150	23179.79
2024-01-24	NIFTY_MIDCAP150	22830.29
2024-01-25	NIFTY_MIDCAP150	22985.32
2024-01-26	NIFTY_MIDCAP150	23506.3
2024-01-29	NIFTY_MIDCAP150	24015.96
2024-01-30	NIFTY_MIDCAP150	23836.51
2024-01-31	NIFTY_MIDCAP150	23960.69
2024-02-01	NIFTY_MIDCAP150	24673.62
2024-02-02	NIFTY_MIDCAP150	24688.25
2024-02-05	NIFTY_MIDCAP150	24775.39
2024-02-06	NIFTY_MIDCAP150	24374.77
2024-02-07	NIFTY_MIDCAP150	24680.14
2024-02-08	NIFTY_MIDCAP150	24773.83
2024-02-09	NIFTY_MIDCAP150	24540.12
2024-02-12	NIFTY_MIDCAP150	24749.54
2024-02-13	NIFTY_MIDCAP150	25041.46
2024-02-14	NIFTY_MIDCAP150	24861.04
2024-02-15	NIFTY_MIDCAP150	24412.57
2024-02-16	NIFTY_MIDCAP150	24466.64
2024-02-19	NIFTY_MIDCAP150	24675.17
2024-02-20	NIFTY_MIDCAP150	24765.68
2024-02-21	NIFTY_MIDCAP150	25108.96
2024-02-22	NIFTY_MIDCAP150	24641.79
2024-02-23	NIFTY_MIDCAP150	24375.39
2024-02-26	NIFTY_MIDCAP150	24452.26
2024-02-27	NIFTY_MIDCAP150	24039.49
2024-02-28	NIFTY_MIDCAP150	23848.94
2024-02-29	NIFTY_MIDCAP150	23721.89
2024-03-01	NIFTY_MIDCAP150	24012.16
2024-03-04	NIFTY_MIDCAP150	24385.97
2024-03-05	NIFTY_MIDCAP150	24602.54
2024-03-06	NIFTY_MIDCAP150	25147.03
2024-03-07	NIFTY_MIDCAP150	25565.49
2024-03-08	NIFTY_MIDCAP150	25811.91
2024-03-11	NIFTY_MIDCAP150	26051.84
2024-03-12	NIFTY_MIDCAP150	25895.63
2024-03-13	NIFTY_MIDCAP150	25505.48
2024-03-14	NIFTY_MIDCAP150	25315.89
2024-03-15	NIFTY_MIDCAP150	25574.86
2024-03-18	NIFTY_MIDCAP150	25500.36
2024-03-19	NIFTY_MIDCAP150	25694.01
2024-03-20	NIFTY_MIDCAP150	25182.78
2024-03-21	NIFTY_MIDCAP150	25349.46
2024-03-22	NIFTY_MIDCAP150	25120.74
2024-03-25	NIFTY_MIDCAP150	24929.87
2024-03-26	NIFTY_MIDCAP150	25421.46
2024-03-27	NIFTY_MIDCAP150	26065.73
2024-03-28	NIFTY_MIDCAP150	25766.61
2024-03-29	NIFTY_MIDCAP150	25715.61
2024-04-01	NIFTY_MIDCAP150	25695.82
2024-04-02	NIFTY_MIDCAP150	25927.97
2024-04-03	NIFTY_MIDCAP150	25806.46
2024-04-04	NIFTY_MIDCAP150	25588.14
2024-04-05	NIFTY_MIDCAP150	25689.63
2024-04-08	NIFTY_MIDCAP150	25729.56
2024-04-09	NIFTY_MIDCAP150	26000.44
2024-04-10	NIFTY_MIDCAP150	25816.42
2024-04-11	NIFTY_MIDCAP150	25772.88
2024-04-12	NIFTY_MIDCAP150	26017.53
2024-04-15	NIFTY_MIDCAP150	26016.11
2024-04-16	NIFTY_MIDCAP150	25541.71
2024-04-17	NIFTY_MIDCAP150	26033.2
2024-04-18	NIFTY_MIDCAP150	26024.84
2024-04-19	NIFTY_MIDCAP150	26021.75
2024-04-22	NIFTY_MIDCAP150	26795.23
2024-04-23	NIFTY_MIDCAP150	27462.3
2024-04-24	NIFTY_MIDCAP150	27777.35
2024-04-25	NIFTY_MIDCAP150	27454.75
2024-04-26	NIFTY_MIDCAP150	27903.93
2024-04-29	NIFTY_MIDCAP150	27366.36
2024-04-30	NIFTY_MIDCAP150	27425.99
2024-05-01	NIFTY_MIDCAP150	27299.31
2024-05-02	NIFTY_MIDCAP150	27100.19
2024-05-03	NIFTY_MIDCAP150	27188.78
2024-05-06	NIFTY_MIDCAP150	27395.82
2024-05-07	NIFTY_MIDCAP150	27658.74
2024-05-08	NIFTY_MIDCAP150	27650.75
2024-05-09	NIFTY_MIDCAP150	27602.49
2024-05-10	NIFTY_MIDCAP150	27888.82
2024-05-13	NIFTY_MIDCAP150	28185.85
2024-05-14	NIFTY_MIDCAP150	28247.89
2024-05-15	NIFTY_MIDCAP150	27989.76
2024-05-16	NIFTY_MIDCAP150	27475.73
2024-05-17	NIFTY_MIDCAP150	27699.54
2024-05-20	NIFTY_MIDCAP150	28024.56
2024-05-21	NIFTY_MIDCAP150	27977.94
2024-05-22	NIFTY_MIDCAP150	28114.42
2024-05-23	NIFTY_MIDCAP150	28556.53
2024-05-24	NIFTY_MIDCAP150	29233.71
2024-05-27	NIFTY_MIDCAP150	29121.41
2024-05-28	NIFTY_MIDCAP150	29110.99
2024-05-29	NIFTY_MIDCAP150	29279.9
2024-05-30	NIFTY_MIDCAP150	28897.63
2024-05-31	NIFTY_MIDCAP150	28221.43
2024-06-03	NIFTY_MIDCAP150	27815.24
2024-06-04	NIFTY_MIDCAP150	27746.21
2024-06-05	NIFTY_MIDCAP150	27536.84
2024-06-06	NIFTY_MIDCAP150	27300.7
2024-06-07	NIFTY_MIDCAP150	27333.86
2024-06-10	NIFTY_MIDCAP150	27346.65
2024-06-11	NIFTY_MIDCAP150	27130.41
2024-06-12	NIFTY_MIDCAP150	26655.2
2024-06-13	NIFTY_MIDCAP150	26795.81
2024-06-14	NIFTY_MIDCAP150	27135.17
2024-06-17	NIFTY_MIDCAP150	26962.64
2024-06-18	NIFTY_MIDCAP150	26862.34
2024-06-19	NIFTY_MIDCAP150	27128.23
2024-06-20	NIFTY_MIDCAP150	27470.09
2024-06-21	NIFTY_MIDCAP150	27345.17
2024-06-24	NIFTY_MIDCAP150	27330.37
2024-06-25	NIFTY_MIDCAP150	27808.99
2024-06-26	NIFTY_MIDCAP150	28104.76
2024-06-27	NIFTY_MIDCAP150	27761.45
2024-06-28	NIFTY_MIDCAP150	27243.68
2024-07-01	NIFTY_MIDCAP150	27175.42
2024-07-02	NIFTY_MIDCAP150	26896.48
2024-07-03	NIFTY_MIDCAP150	27056.68
2024-07-04	NIFTY_MIDCAP150	27293.8
2024-07-05	NIFTY_MIDCAP150	27390.57
2024-07-08	NIFTY_MIDCAP150	27158.7
2024-07-09	NIFTY_MIDCAP150	26787.25
2024-07-10	NIFTY_MIDCAP150	27005.95
2024-07-11	NIFTY_MIDCAP150	27278.3
2024-07-12	NIFTY_MIDCAP150	27640.52
2024-07-15	NIFTY_MIDCAP150	27567.21
2024-07-16	NIFTY_MIDCAP150	27556.16
2024-07-17	NIFTY_MIDCAP150	27828.51
2024-07-18	NIFTY_MIDCAP150	27849.89
2024-07-19	NIFTY_MIDCAP150	27687.25
2024-07-22	NIFTY_MIDCAP150	27442.49
2024-07-23	NIFTY_MIDCAP150	27684.51
2024-07-24	NIFTY_MIDCAP150	27610.56
2024-07-25	NIFTY_MIDCAP150	27458.11
2024-07-26	NIFTY_MIDCAP150	27616.14
2024-07-29	NIFTY_MIDCAP150	27411.37
2024-07-30	NIFTY_MIDCAP150	27249.63
2024-07-31	NIFTY_MIDCAP150	27279.32
2024-08-01	NIFTY_MIDCAP150	27152.66
2024-08-02	NIFTY_MIDCAP150	27609.24
2024-08-05	NIFTY_MIDCAP150	27794.38
2024-08-06	NIFTY_MIDCAP150	27852.07
2024-08-07	NIFTY_MIDCAP150	28317.15
2024-08-08	NIFTY_MIDCAP150	28360.75
2024-08-09	NIFTY_MIDCAP150	28729.05
2024-08-12	NIFTY_MIDCAP150	28424.91
2024-08-13	NIFTY_MIDCAP150	28239.86
2024-08-14	NIFTY_MIDCAP150	27952.48
2024-08-15	NIFTY_MIDCAP150	28130.66
2024-08-16	NIFTY_MIDCAP150	27659.71
2024-08-19	NIFTY_MIDCAP150	27777.14
2024-08-20	NIFTY_MIDCAP150	27639.56
2024-08-21	NIFTY_MIDCAP150	27698.08
2024-08-22	NIFTY_MIDCAP150	27709.53
2024-08-23	NIFTY_MIDCAP150	27902.21
2024-08-26	NIFTY_MIDCAP150	28636.89
2024-08-27	NIFTY_MIDCAP150	29318.73
2024-08-28	NIFTY_MIDCAP150	29610.33
2024-08-29	NIFTY_MIDCAP150	29514.1
2024-08-30	NIFTY_MIDCAP150	29596.07
2024-09-02	NIFTY_MIDCAP150	29481.68
2024-09-03	NIFTY_MIDCAP150	29255.28
2024-09-04	NIFTY_MIDCAP150	28632.74
2024-09-05	NIFTY_MIDCAP150	28576.99
2024-09-06	NIFTY_MIDCAP150	28684.76
2024-09-09	NIFTY_MIDCAP150	28902.69
2024-09-10	NIFTY_MIDCAP150	28958.06
2024-09-11	NIFTY_MIDCAP150	28749.24
2024-09-12	NIFTY_MIDCAP150	28605.42
2024-09-13	NIFTY_MIDCAP150	28924.9
2024-09-16	NIFTY_MIDCAP150	28387.59
2024-09-17	NIFTY_MIDCAP150	28242.01
2024-09-18	NIFTY_MIDCAP150	28267.44
2024-09-19	NIFTY_MIDCAP150	28154.12
2024-09-20	NIFTY_MIDCAP150	27691.17
2024-09-23	NIFTY_MIDCAP150	28004.07
2024-09-24	NIFTY_MIDCAP150	28394.2
2024-09-25	NIFTY_MIDCAP150	28095.96
2024-09-26	NIFTY_MIDCAP150	27109.45
2024-09-27	NIFTY_MIDCAP150	27748.81
2024-09-30	NIFTY_MIDCAP150	27635.87
2024-10-01	NIFTY_MIDCAP150	27350.11
2024-10-02	NIFTY_MIDCAP150	27332.93
2024-10-03	NIFTY_MIDCAP150	27449.92
2024-10-04	NIFTY_MIDCAP150	27272.19
2024-10-07	NIFTY_MIDCAP150	27329.83
2024-10-08	NIFTY_MIDCAP150	27310.18
2024-10-09	NIFTY_MIDCAP150	27115.28
2024-10-10	NIFTY_MIDCAP150	26634.68
2024-10-11	NIFTY_MIDCAP150	27057.16
2024-10-14	NIFTY_MIDCAP150	27248.24
2024-10-15	NIFTY_MIDCAP150	27029.11
2024-10-16	NIFTY_MIDCAP150	27170.99
2024-10-17	NIFTY_MIDCAP150	26921.58
2024-10-18	NIFTY_MIDCAP150	26926.99
2024-10-21	NIFTY_MIDCAP150	27126.03
2024-10-22	NIFTY_MIDCAP150	27286.43
2024-10-23	NIFTY_MIDCAP150	27178.22
2024-10-24	NIFTY_MIDCAP150	27448.38
2024-10-25	NIFTY_MIDCAP150	27469.11
2024-10-28	NIFTY_MIDCAP150	27322.79
2024-10-29	NIFTY_MIDCAP150	27864.48
2024-10-30	NIFTY_MIDCAP150	27529.05
2024-10-31	NIFTY_MIDCAP150	27671.69
2024-11-01	NIFTY_MIDCAP150	28137.69
2024-11-04	NIFTY_MIDCAP150	27617.39
2024-11-05	NIFTY_MIDCAP150	28152.57
2024-11-06	NIFTY_MIDCAP150	28715.39
2024-11-07	NIFTY_MIDCAP150	28581.36
2024-11-08	NIFTY_MIDCAP150	28693.51
2024-11-11	NIFTY_MIDCAP150	28472.99
2024-11-12	NIFTY_MIDCAP150	28225.76
2024-11-13	NIFTY_MIDCAP150	27883.52
2024-11-14	NIFTY_MIDCAP150	28442.44
2024-11-15	NIFTY_MIDCAP150	28385.63
2024-11-18	NIFTY_MIDCAP150	27960.82
2024-11-19	NIFTY_MIDCAP150	28310.01
2024-11-20	NIFTY_MIDCAP150	28545.1
2024-11-21	NIFTY_MIDCAP150	28685.21
2024-11-22	NIFTY_MIDCAP150	28489.96
2024-11-25	NIFTY_MIDCAP150	28377.97
2024-11-26	NIFTY_MIDCAP150	29071.23
2024-11-27	NIFTY_MIDCAP150	29217.02
2024-11-28	NIFTY_MIDCAP150	29060.84
2024-11-29	NIFTY_MIDCAP150	29325.47
2024-12-02	NIFTY_MIDCAP150	29626.17
2024-12-03	NIFTY_MIDCAP150	30260.81
2024-12-04	NIFTY_MIDCAP150	30302.55
2024-12-05	NIFTY_MIDCAP150	30574.68
2024-12-06	NIFTY_MIDCAP150	30779
2024-12-09	NIFTY_MIDCAP150	30550.08
2024-12-10	NIFTY_MIDCAP150	30099.69
2024-12-11	NIFTY_MIDCAP150	30331.81
2024-12-12	NIFTY_MIDCAP150	30590.31
2024-12-13	NIFTY_MIDCAP150	29777.13
2024-12-16	NIFTY_MIDCAP150	29975.62
2024-12-17	NIFTY_MIDCAP150	29967.79
2024-12-18	NIFTY_MIDCAP150	30135.31
2024-12-19	NIFTY_MIDCAP150	29990.34
2024-12-20	NIFTY_MIDCAP150	30508.39
2024-12-23	NIFTY_MIDCAP150	30886.4
2024-12-24	NIFTY_MIDCAP150	30423
2024-12-25	NIFTY_MIDCAP150	30106.07
2024-12-26	NIFTY_MIDCAP150	30145.79
2024-12-27	NIFTY_MIDCAP150	29954.01
2024-12-30	NIFTY_MIDCAP150	30342.83
2024-12-31	NIFTY_MIDCAP150	30015.58
2025-01-01	NIFTY_MIDCAP150	30402.21
2025-01-02	NIFTY_MIDCAP150	29595.57
2025-01-03	NIFTY_MIDCAP150	29478.76
2025-01-06	NIFTY_MIDCAP150	29965.55
2025-01-07	NIFTY_MIDCAP150	29965.1
2025-01-08	NIFTY_MIDCAP150	29993.57
2025-01-09	NIFTY_MIDCAP150	30278.52
2025-01-10	NIFTY_MIDCAP150	30479.55
2025-01-13	NIFTY_MIDCAP150	30460.14
2025-01-14	NIFTY_MIDCAP150	30938.52
2025-01-15	NIFTY_MIDCAP150	31003.57
2025-01-16	NIFTY_MIDCAP150	31214.67
2025-01-17	NIFTY_MIDCAP150	31571.01
2025-01-20	NIFTY_MIDCAP150	30732.77
2025-01-21	NIFTY_MIDCAP150	30502.46
2025-01-22	NIFTY_MIDCAP150	30318.42
2025-01-23	NIFTY_MIDCAP150	30565.15
2025-01-24	NIFTY_MIDCAP150	31195.14
2025-01-27	NIFTY_MIDCAP150	30561.45
2025-01-28	NIFTY_MIDCAP150	30436.93
2025-01-29	NIFTY_MIDCAP150	30836.5
2025-01-30	NIFTY_MIDCAP150	30253.33
2025-01-31	NIFTY_MIDCAP150	30404.41
2025-02-03	NIFTY_MIDCAP150	30581.28
2025-02-04	NIFTY_MIDCAP150	30787.79
2025-02-05	NIFTY_MIDCAP150	30417.12
2025-02-06	NIFTY_MIDCAP150	30422.48
2025-02-07	NIFTY_MIDCAP150	30029.74
2025-02-10	NIFTY_MIDCAP150	30428.47
2025-02-11	NIFTY_MIDCAP150	30082.58
2025-02-12	NIFTY_MIDCAP150	30114.49
2025-02-13	NIFTY_MIDCAP150	30856.56
2025-02-14	NIFTY_MIDCAP150	31273.5
2025-02-17	NIFTY_MIDCAP150	30672.14
2025-02-18	NIFTY_MIDCAP150	30586.08
2025-02-19	NIFTY_MIDCAP150	30628.36
2025-02-20	NIFTY_MIDCAP150	30581.87
2025-02-21	NIFTY_MIDCAP150	30736.33
2025-02-24	NIFTY_MIDCAP150	30971.31
2025-02-25	NIFTY_MIDCAP150	31642
2025-02-26	NIFTY_MIDCAP150	31494.8
2025-02-27	NIFTY_MIDCAP150	31781.54
2025-02-28	NIFTY_MIDCAP150	31736.23
2025-03-03	NIFTY_MIDCAP150	32326.19
2025-03-04	NIFTY_MIDCAP150	32490.53
2025-03-05	NIFTY_MIDCAP150	32526.17
2025-03-06	NIFTY_MIDCAP150	32450.48
2025-03-07	NIFTY_MIDCAP150	32152.27
2025-03-10	NIFTY_MIDCAP150	32490.39
2025-03-11	NIFTY_MIDCAP150	32209.86
2025-03-12	NIFTY_MIDCAP150	31555.45
2025-03-13	NIFTY_MIDCAP150	31233.4
2025-03-14	NIFTY_MIDCAP150	31307.49
2025-03-17	NIFTY_MIDCAP150	30896.39
2025-03-18	NIFTY_MIDCAP150	30635.08
2025-03-19	NIFTY_MIDCAP150	30004.32
2025-03-20	NIFTY_MIDCAP150	29743.03
2025-03-21	NIFTY_MIDCAP150	30345.26
2025-03-24	NIFTY_MIDCAP150	30147.32
2025-03-25	NIFTY_MIDCAP150	30129.46
2025-03-26	NIFTY_MIDCAP150	30924.71
2025-03-27	NIFTY_MIDCAP150	31060.78
2025-03-28	NIFTY_MIDCAP150	31183.52
2025-03-31	NIFTY_MIDCAP150	30867.41
2025-04-01	NIFTY_MIDCAP150	30966.5
2025-04-02	NIFTY_MIDCAP150	31600.7
2025-04-03	NIFTY_MIDCAP150	31190.44
2025-04-04	NIFTY_MIDCAP150	31144.6
2025-04-07	NIFTY_MIDCAP150	30752.24
2025-04-08	NIFTY_MIDCAP150	31340.99
2025-04-09	NIFTY_MIDCAP150	30944.13
2025-04-10	NIFTY_MIDCAP150	30717.7
2025-04-11	NIFTY_MIDCAP150	30335.75
2025-04-14	NIFTY_MIDCAP150	29882.89
2025-04-15	NIFTY_MIDCAP150	29933.13
2025-04-16	NIFTY_MIDCAP150	29833.5
2025-04-17	NIFTY_MIDCAP150	29971.49
2025-04-18	NIFTY_MIDCAP150	30202.55
2025-04-21	NIFTY_MIDCAP150	29650.96
2025-04-22	NIFTY_MIDCAP150	29771.52
2025-04-23	NIFTY_MIDCAP150	29483.71
2025-04-24	NIFTY_MIDCAP150	29550.61
2025-04-25	NIFTY_MIDCAP150	29681.49
2025-04-28	NIFTY_MIDCAP150	29613.28
2025-04-29	NIFTY_MIDCAP150	30077.78
2025-04-30	NIFTY_MIDCAP150	29611.85
2025-05-01	NIFTY_MIDCAP150	29254.78
2025-05-02	NIFTY_MIDCAP150	29354.44
2025-05-05	NIFTY_MIDCAP150	30084.96
2025-05-06	NIFTY_MIDCAP150	29784.44
2025-05-07	NIFTY_MIDCAP150	29781.31
2025-05-08	NIFTY_MIDCAP150	30205.38
2025-05-09	NIFTY_MIDCAP150	30540.16
2025-05-12	NIFTY_MIDCAP150	30773.41
2025-05-13	NIFTY_MIDCAP150	30542.78
2025-05-14	NIFTY_MIDCAP150	30553.37
2025-05-15	NIFTY_MIDCAP150	30583.05
2025-05-16	NIFTY_MIDCAP150	30966.6
2025-05-19	NIFTY_MIDCAP150	30939.58
2025-05-20	NIFTY_MIDCAP150	31438.92
2025-05-21	NIFTY_MIDCAP150	31439.4
2025-05-22	NIFTY_MIDCAP150	31509.14
2025-05-23	NIFTY_MIDCAP150	31483.39
2025-05-26	NIFTY_MIDCAP150	31440.07
2025-05-27	NIFTY_MIDCAP150	31434.69
2025-05-28	NIFTY_MIDCAP150	31466.92
2025-05-29	NIFTY_MIDCAP150	30913.33
2025-05-30	NIFTY_MIDCAP150	30834.97
2025-06-02	NIFTY_MIDCAP150	31451.06
2025-06-03	NIFTY_MIDCAP150	30830.52
2025-06-04	NIFTY_MIDCAP150	30764.57
2025-06-05	NIFTY_MIDCAP150	30588.81
2025-06-06	NIFTY_MIDCAP150	30721.85
2025-06-09	NIFTY_MIDCAP150	30919.72
2025-06-10	NIFTY_MIDCAP150	30990.57
2025-06-11	NIFTY_MIDCAP150	30310.63
2025-06-12	NIFTY_MIDCAP150	29640.44
2025-06-13	NIFTY_MIDCAP150	28776.7
2025-06-16	NIFTY_MIDCAP150	28750.66
2025-06-17	NIFTY_MIDCAP150	28237.73
2025-06-18	NIFTY_MIDCAP150	27513.22
2025-06-19	NIFTY_MIDCAP150	27245.07
2025-06-20	NIFTY_MIDCAP150	27052.15
2025-06-23	NIFTY_MIDCAP150	27044.13
2025-06-24	NIFTY_MIDCAP150	27063.55
2025-06-25	NIFTY_MIDCAP150	27099.35
2025-06-26	NIFTY_MIDCAP150	27369.87
2025-06-27	NIFTY_MIDCAP150	27296.36
2025-06-30	NIFTY_MIDCAP150	27546.64
2025-07-01	NIFTY_MIDCAP150	27454.98
2025-07-02	NIFTY_MIDCAP150	27348.67
2025-07-03	NIFTY_MIDCAP150	27189.32
2025-07-04	NIFTY_MIDCAP150	27195.37
2025-07-07	NIFTY_MIDCAP150	27417
2025-07-08	NIFTY_MIDCAP150	27634.14
2025-07-09	NIFTY_MIDCAP150	27843.41
2025-07-10	NIFTY_MIDCAP150	27959.35
2025-07-11	NIFTY_MIDCAP150	27613.89
2025-07-14	NIFTY_MIDCAP150	28508.94
2025-07-15	NIFTY_MIDCAP150	28098.98
2025-07-16	NIFTY_MIDCAP150	28155.85
2025-07-17	NIFTY_MIDCAP150	29147.84
2025-07-18	NIFTY_MIDCAP150	29459.64
2025-07-21	NIFTY_MIDCAP150	29245.2
2025-07-22	NIFTY_MIDCAP150	29670.86
2025-07-23	NIFTY_MIDCAP150	29755.46
2025-07-24	NIFTY_MIDCAP150	29500.02
2025-07-25	NIFTY_MIDCAP150	29591.85
2025-07-28	NIFTY_MIDCAP150	29489.1
2025-07-29	NIFTY_MIDCAP150	29436.08
2025-07-30	NIFTY_MIDCAP150	29468.96
2025-07-31	NIFTY_MIDCAP150	29722.51
2025-08-01	NIFTY_MIDCAP150	30047.02
2025-08-04	NIFTY_MIDCAP150	29818.84
2025-08-05	NIFTY_MIDCAP150	29959.88
2025-08-06	NIFTY_MIDCAP150	29888.06
2025-08-07	NIFTY_MIDCAP150	30168.35
2025-08-08	NIFTY_MIDCAP150	29839.93
2025-08-11	NIFTY_MIDCAP150	29851.86
2025-08-12	NIFTY_MIDCAP150	29257.7
2025-08-13	NIFTY_MIDCAP150	29511.01
2025-08-14	NIFTY_MIDCAP150	30139.19
2025-08-15	NIFTY_MIDCAP150	30691.92
2025-08-18	NIFTY_MIDCAP150	31004.49
2025-08-19	NIFTY_MIDCAP150	31227.06
2025-08-20	NIFTY_MIDCAP150	31987.55
2025-08-21	NIFTY_MIDCAP150	31806.46
2025-08-22	NIFTY_MIDCAP150	31735.38
2025-08-25	NIFTY_MIDCAP150	32268.28
2025-08-26	NIFTY_MIDCAP150	32237.8
2025-08-27	NIFTY_MIDCAP150	31921.64
2025-08-28	NIFTY_MIDCAP150	31396.03
2025-08-29	NIFTY_MIDCAP150	31118.29
2025-09-01	NIFTY_MIDCAP150	31765.03
2025-09-02	NIFTY_MIDCAP150	31747.98
2025-09-03	NIFTY_MIDCAP150	31495.39
2025-09-04	NIFTY_MIDCAP150	31483.81
2025-09-05	NIFTY_MIDCAP150	31620.21
2025-09-08	NIFTY_MIDCAP150	30980.47
2025-09-09	NIFTY_MIDCAP150	30688.66
2025-09-10	NIFTY_MIDCAP150	30194.5
2025-09-11	NIFTY_MIDCAP150	30719.14
2025-09-12	NIFTY_MIDCAP150	30697.57
2025-09-15	NIFTY_MIDCAP150	30656.11
2025-09-16	NIFTY_MIDCAP150	30612.92
2025-09-17	NIFTY_MIDCAP150	30245.84
2025-09-18	NIFTY_MIDCAP150	30443.35
2025-09-19	NIFTY_MIDCAP150	31103.25
2025-09-22	NIFTY_MIDCAP150	30905.79
2025-09-23	NIFTY_MIDCAP150	31238.47
2025-09-24	NIFTY_MIDCAP150	31218.75
2025-09-25	NIFTY_MIDCAP150	30969.29
2025-09-26	NIFTY_MIDCAP150	31308.76
2025-09-29	NIFTY_MIDCAP150	30758.05
2025-09-30	NIFTY_MIDCAP150	30285.16
2025-10-01	NIFTY_MIDCAP150	30917.91
2025-10-02	NIFTY_MIDCAP150	30796.43
2025-10-03	NIFTY_MIDCAP150	31235.16
2025-10-06	NIFTY_MIDCAP150	31213.34
2025-10-07	NIFTY_MIDCAP150	30347.31
2025-10-08	NIFTY_MIDCAP150	30601.69
2025-10-09	NIFTY_MIDCAP150	30749.15
2025-10-10	NIFTY_MIDCAP150	30508.98
2025-10-13	NIFTY_MIDCAP150	30910.17
2025-10-14	NIFTY_MIDCAP150	31259.55
2025-10-15	NIFTY_MIDCAP150	31012.76
2025-10-16	NIFTY_MIDCAP150	31415.78
2025-10-17	NIFTY_MIDCAP150	31514.25
2025-10-20	NIFTY_MIDCAP150	31558.95
2025-10-21	NIFTY_MIDCAP150	31316.12
2025-10-22	NIFTY_MIDCAP150	31012.22
2025-10-23	NIFTY_MIDCAP150	31535.25
2025-10-24	NIFTY_MIDCAP150	31692.73
2025-10-27	NIFTY_MIDCAP150	32054.25
2025-10-28	NIFTY_MIDCAP150	31900.64
2025-10-29	NIFTY_MIDCAP150	32103.83
2025-10-30	NIFTY_MIDCAP150	31997.5
2025-10-31	NIFTY_MIDCAP150	32260.83
2025-11-03	NIFTY_MIDCAP150	31771.89
2025-11-04	NIFTY_MIDCAP150	31296.59
2025-11-05	NIFTY_MIDCAP150	30926.29
2025-11-06	NIFTY_MIDCAP150	30941.68
2025-11-07	NIFTY_MIDCAP150	30192.05
2025-11-10	NIFTY_MIDCAP150	30369.47
2025-11-11	NIFTY_MIDCAP150	30600.75
2025-11-12	NIFTY_MIDCAP150	30019.5
2025-11-13	NIFTY_MIDCAP150	29900.49
2025-11-14	NIFTY_MIDCAP150	30556.05
2025-11-17	NIFTY_MIDCAP150	30423.58
2025-11-18	NIFTY_MIDCAP150	30097.03
2025-11-19	NIFTY_MIDCAP150	29988.21
2025-11-20	NIFTY_MIDCAP150	30408.66
2025-11-21	NIFTY_MIDCAP150	30034.14
2025-11-24	NIFTY_MIDCAP150	30242.04
2025-11-25	NIFTY_MIDCAP150	30406.8
2025-11-26	NIFTY_MIDCAP150	30422.44
2025-11-27	NIFTY_MIDCAP150	30311.71
2025-11-28	NIFTY_MIDCAP150	30651.57
2025-12-01	NIFTY_MIDCAP150	30277.25
2025-12-02	NIFTY_MIDCAP150	30435.44
2025-12-03	NIFTY_MIDCAP150	29923.96
2025-12-04	NIFTY_MIDCAP150	30272.29
2025-12-05	NIFTY_MIDCAP150	30552.69
2025-12-08	NIFTY_MIDCAP150	30427.87
2025-12-09	NIFTY_MIDCAP150	30366.77
2025-12-10	NIFTY_MIDCAP150	30551.15
2025-12-11	NIFTY_MIDCAP150	30104.14
2025-12-12	NIFTY_MIDCAP150	30021.57
2025-12-15	NIFTY_MIDCAP150	30039.92
2025-12-16	NIFTY_MIDCAP150	29483
2025-12-17	NIFTY_MIDCAP150	29803.55
2025-12-18	NIFTY_MIDCAP150	30534.29
2025-12-19	NIFTY_MIDCAP150	31398.29
2025-12-22	NIFTY_MIDCAP150	30730.64
2025-12-23	NIFTY_MIDCAP150	31157.45
2025-12-24	NIFTY_MIDCAP150	30954.95
2025-12-25	NIFTY_MIDCAP150	30935.73
2025-12-26	NIFTY_MIDCAP150	30612.61
2025-12-29	NIFTY_MIDCAP150	30843.73
2025-12-30	NIFTY_MIDCAP150	29999.82
2025-12-31	NIFTY_MIDCAP150	29613.27
2026-01-01	NIFTY_MIDCAP150	28882.82
2026-01-02	NIFTY_MIDCAP150	28712.3
2026-01-05	NIFTY_MIDCAP150	28628.65
2026-01-06	NIFTY_MIDCAP150	28140.18
2026-01-07	NIFTY_MIDCAP150	28325.04
2026-01-08	NIFTY_MIDCAP150	28482.63
2026-01-09	NIFTY_MIDCAP150	28781.91
2026-01-12	NIFTY_MIDCAP150	29263.11
2026-01-13	NIFTY_MIDCAP150	29193.46
2026-01-14	NIFTY_MIDCAP150	29285.83
2026-01-15	NIFTY_MIDCAP150	28966.56
2026-01-16	NIFTY_MIDCAP150	29007.09
2026-01-19	NIFTY_MIDCAP150	29062.67
2026-01-20	NIFTY_MIDCAP150	29588.43
2026-01-21	NIFTY_MIDCAP150	29787.74
2026-01-22	NIFTY_MIDCAP150	29995.08
2026-01-23	NIFTY_MIDCAP150	29911.47
2026-01-26	NIFTY_MIDCAP150	28842.18
2026-01-27	NIFTY_MIDCAP150	28868.27
2026-01-28	NIFTY_MIDCAP150	28730.88
2026-01-29	NIFTY_MIDCAP150	28389.01
2026-01-30	NIFTY_MIDCAP150	28646.64
2026-02-02	NIFTY_MIDCAP150	28987.51
2026-02-03	NIFTY_MIDCAP150	28676.71
2026-02-04	NIFTY_MIDCAP150	28707.29
2026-02-05	NIFTY_MIDCAP150	28690.44
2026-02-06	NIFTY_MIDCAP150	29080.87
2026-02-09	NIFTY_MIDCAP150	29244
2026-02-10	NIFTY_MIDCAP150	29500.03
2026-02-11	NIFTY_MIDCAP150	29395.55
2026-02-12	NIFTY_MIDCAP150	29552.37
2026-02-13	NIFTY_MIDCAP150	29865.06
2026-02-16	NIFTY_MIDCAP150	30679.14
2026-02-17	NIFTY_MIDCAP150	30510.85
2026-02-18	NIFTY_MIDCAP150	30404.11
2026-02-19	NIFTY_MIDCAP150	30169.65
2026-02-20	NIFTY_MIDCAP150	30036.14
2026-02-23	NIFTY_MIDCAP150	30529.92
2026-02-24	NIFTY_MIDCAP150	30263.53
2026-02-25	NIFTY_MIDCAP150	30416.85
2026-02-26	NIFTY_MIDCAP150	30782.5
2026-02-27	NIFTY_MIDCAP150	31223.71
2026-03-02	NIFTY_MIDCAP150	31763.06
2026-03-03	NIFTY_MIDCAP150	31953.29
2026-03-04	NIFTY_MIDCAP150	32109.07
2026-03-05	NIFTY_MIDCAP150	31923.09
2026-03-06	NIFTY_MIDCAP150	31238
2026-03-09	NIFTY_MIDCAP150	31047.48
2026-03-10	NIFTY_MIDCAP150	31123.31
2026-03-11	NIFTY_MIDCAP150	31503.08
2026-03-12	NIFTY_MIDCAP150	32064.32
2026-03-13	NIFTY_MIDCAP150	32087.05
2026-03-16	NIFTY_MIDCAP150	32519.41
2026-03-17	NIFTY_MIDCAP150	32601.9
2026-03-18	NIFTY_MIDCAP150	32699.66
2026-03-19	NIFTY_MIDCAP150	32609.61
2026-03-20	NIFTY_MIDCAP150	32454.84
2026-03-23	NIFTY_MIDCAP150	32261.91
2026-03-24	NIFTY_MIDCAP150	32081.59
2026-03-25	NIFTY_MIDCAP150	31857.44
2026-03-26	NIFTY_MIDCAP150	32186.46
2026-03-27	NIFTY_MIDCAP150	32673.63
2026-03-30	NIFTY_MIDCAP150	32414.16
2026-03-31	NIFTY_MIDCAP150	32108.14
2026-04-01	NIFTY_MIDCAP150	32060.72
2026-04-02	NIFTY_MIDCAP150	31765.19
2026-04-03	NIFTY_MIDCAP150	31420.75
2026-04-06	NIFTY_MIDCAP150	31316.6
2026-04-07	NIFTY_MIDCAP150	31423.15
2026-04-08	NIFTY_MIDCAP150	31525.63
2026-04-09	NIFTY_MIDCAP150	31433.73
2026-04-10	NIFTY_MIDCAP150	31267.19
2026-04-13	NIFTY_MIDCAP150	31503.77
2026-04-14	NIFTY_MIDCAP150	31662.95
2026-04-15	NIFTY_MIDCAP150	31744.99
2026-04-16	NIFTY_MIDCAP150	31562.54
2026-04-17	NIFTY_MIDCAP150	32063.61
2026-04-20	NIFTY_MIDCAP150	31610.65
2026-04-21	NIFTY_MIDCAP150	31430.8
2026-04-22	NIFTY_MIDCAP150	31100.86
2026-04-23	NIFTY_MIDCAP150	31121.22
2026-04-24	NIFTY_MIDCAP150	30906.25
2026-04-27	NIFTY_MIDCAP150	30958.91
2026-04-28	NIFTY_MIDCAP150	31163.05
2026-04-29	NIFTY_MIDCAP150	31633.27
2026-04-30	NIFTY_MIDCAP150	31730.44
2026-05-01	NIFTY_MIDCAP150	31822.38
2026-05-04	NIFTY_MIDCAP150	31998.33
2026-05-05	NIFTY_MIDCAP150	31199.73
2026-05-06	NIFTY_MIDCAP150	31239.91
2026-05-07	NIFTY_MIDCAP150	30869.71
2026-05-08	NIFTY_MIDCAP150	30662.83
2026-05-11	NIFTY_MIDCAP150	30640.59
2026-05-12	NIFTY_MIDCAP150	30992.97
2026-05-13	NIFTY_MIDCAP150	30397.31
2026-05-14	NIFTY_MIDCAP150	30499.17
2026-05-15	NIFTY_MIDCAP150	30554.41
2026-05-18	NIFTY_MIDCAP150	30723.63
2026-05-19	NIFTY_MIDCAP150	31532.84
2026-05-20	NIFTY_MIDCAP150	32114.68
2026-05-21	NIFTY_MIDCAP150	32241.35
2026-05-22	NIFTY_MIDCAP150	32467.58
2026-05-25	NIFTY_MIDCAP150	32474.69
2026-05-26	NIFTY_MIDCAP150	32776.35
2026-05-27	NIFTY_MIDCAP150	32810.37
2026-05-28	NIFTY_MIDCAP150	32990.66
2026-05-29	NIFTY_MIDCAP150	32763.85
2022-01-03	BSE_SMALLCAP	26554.6
2022-01-04	BSE_SMALLCAP	27079.92
2022-01-05	BSE_SMALLCAP	27313.35
2022-01-06	BSE_SMALLCAP	27377.05
2022-01-07	BSE_SMALLCAP	26316.86
2022-01-10	BSE_SMALLCAP	26476.06
2022-01-11	BSE_SMALLCAP	26462.96
2022-01-12	BSE_SMALLCAP	26090.99
2022-01-13	BSE_SMALLCAP	26085.36
2022-01-14	BSE_SMALLCAP	26081.45
2022-01-17	BSE_SMALLCAP	26102.25
2022-01-18	BSE_SMALLCAP	26391.97
2022-01-19	BSE_SMALLCAP	26333.58
2022-01-20	BSE_SMALLCAP	26262.97
2022-01-21	BSE_SMALLCAP	26153.44
2022-01-24	BSE_SMALLCAP	26260.93
2022-01-25	BSE_SMALLCAP	26477.73
2022-01-26	BSE_SMALLCAP	26974.24
2022-01-27	BSE_SMALLCAP	27192.24
2022-01-28	BSE_SMALLCAP	27620.86
2022-01-31	BSE_SMALLCAP	27966.74
2022-02-01	BSE_SMALLCAP	28046.09
2022-02-02	BSE_SMALLCAP	27785.09
2022-02-03	BSE_SMALLCAP	27961.09
2022-02-04	BSE_SMALLCAP	28591.9
2022-02-07	BSE_SMALLCAP	29046.44
2022-02-08	BSE_SMALLCAP	29586.64
2022-02-09	BSE_SMALLCAP	28860.83
2022-02-10	BSE_SMALLCAP	28105.41
2022-02-11	BSE_SMALLCAP	27937.21
2022-02-14	BSE_SMALLCAP	28141.65
2022-02-15	BSE_SMALLCAP	28015.93
2022-02-16	BSE_SMALLCAP	27958.44
2022-02-17	BSE_SMALLCAP	27410.49
2022-02-18	BSE_SMALLCAP	27200.23
2022-02-21	BSE_SMALLCAP	26886.5
2022-02-22	BSE_SMALLCAP	26588.16
2022-02-23	BSE_SMALLCAP	26337.19
2022-02-24	BSE_SMALLCAP	25958.59
2022-02-25	BSE_SMALLCAP	25128.56
2022-02-28	BSE_SMALLCAP	25643.29
2022-03-01	BSE_SMALLCAP	25620.14
2022-03-02	BSE_SMALLCAP	25395.42
2022-03-03	BSE_SMALLCAP	25363.09
2022-03-04	BSE_SMALLCAP	25498.62
2022-03-07	BSE_SMALLCAP	25556.97
2022-03-08	BSE_SMALLCAP	25316.04
2022-03-09	BSE_SMALLCAP	25685.3
2022-03-10	BSE_SMALLCAP	25492.73
2022-03-11	BSE_SMALLCAP	25428.82
2022-03-14	BSE_SMALLCAP	26062.13
2022-03-15	BSE_SMALLCAP	26836.05
2022-03-16	BSE_SMALLCAP	27285.8
2022-03-17	BSE_SMALLCAP	27053.4
2022-03-18	BSE_SMALLCAP	26913.66
2022-03-21	BSE_SMALLCAP	26643.56
2022-03-22	BSE_SMALLCAP	26574.97
2022-03-23	BSE_SMALLCAP	26791.53
2022-03-24	BSE_SMALLCAP	26121.24
2022-03-25	BSE_SMALLCAP	25767.85
2022-03-28	BSE_SMALLCAP	25825.38
2022-03-29	BSE_SMALLCAP	25809.4
2022-03-30	BSE_SMALLCAP	25667.9
2022-03-31	BSE_SMALLCAP	25193.81
2022-04-01	BSE_SMALLCAP	25004.44
2022-04-04	BSE_SMALLCAP	24854.87
2022-04-05	BSE_SMALLCAP	24418.09
2022-04-06	BSE_SMALLCAP	24154.27
2022-04-07	BSE_SMALLCAP	24106.48
2022-04-08	BSE_SMALLCAP	24282.19
2022-04-11	BSE_SMALLCAP	24609.58
2022-04-12	BSE_SMALLCAP	24272.32
2022-04-13	BSE_SMALLCAP	24172.09
2022-04-14	BSE_SMALLCAP	24107.08
2022-04-15	BSE_SMALLCAP	24058.23
2022-04-18	BSE_SMALLCAP	23986.53
2022-04-19	BSE_SMALLCAP	23617.29
2022-04-20	BSE_SMALLCAP	23790.24
2022-04-21	BSE_SMALLCAP	23703.83
2022-04-22	BSE_SMALLCAP	23731.62
2022-04-25	BSE_SMALLCAP	23774.75
2022-04-26	BSE_SMALLCAP	23592.64
2022-04-27	BSE_SMALLCAP	23860.99
2022-04-28	BSE_SMALLCAP	23729.12
2022-04-29	BSE_SMALLCAP	23801.61
2022-05-02	BSE_SMALLCAP	23850.04
2022-05-03	BSE_SMALLCAP	23952.33
2022-05-04	BSE_SMALLCAP	24329.36
2022-05-05	BSE_SMALLCAP	24104.56
2022-05-06	BSE_SMALLCAP	24118.22
2022-05-09	BSE_SMALLCAP	24121.48
2022-05-10	BSE_SMALLCAP	24041.14
2022-05-11	BSE_SMALLCAP	24221.69
2022-05-12	BSE_SMALLCAP	23850.92
2022-05-13	BSE_SMALLCAP	24334.85
2022-05-16	BSE_SMALLCAP	24844.8
2022-05-17	BSE_SMALLCAP	24645.61
2022-05-18	BSE_SMALLCAP	24629.7
2022-05-19	BSE_SMALLCAP	24042.64
2022-05-20	BSE_SMALLCAP	23842.76
2022-05-23	BSE_SMALLCAP	24636.16
2022-05-24	BSE_SMALLCAP	24859.72
2022-05-25	BSE_SMALLCAP	25114.46
2022-05-26	BSE_SMALLCAP	24960.57
2022-05-27	BSE_SMALLCAP	24943.08
2022-05-30	BSE_SMALLCAP	24940.21
2022-05-31	BSE_SMALLCAP	24478.05
2022-06-01	BSE_SMALLCAP	24535.83
2022-06-02	BSE_SMALLCAP	24810.04
2022-06-03	BSE_SMALLCAP	25442.88
2022-06-06	BSE_SMALLCAP	25545.76
2022-06-07	BSE_SMALLCAP	25516.3
2022-06-08	BSE_SMALLCAP	25487.6
2022-06-09	BSE_SMALLCAP	25636.4
2022-06-10	BSE_SMALLCAP	25929.65
2022-06-13	BSE_SMALLCAP	26334.67
2022-06-14	BSE_SMALLCAP	25589.12
2022-06-15	BSE_SMALLCAP	25988.2
2022-06-16	BSE_SMALLCAP	25577.7
2022-06-17	BSE_SMALLCAP	25249.59
2022-06-20	BSE_SMALLCAP	25194.17
2022-06-21	BSE_SMALLCAP	25387.94
2022-06-22	BSE_SMALLCAP	24947.61
2022-06-23	BSE_SMALLCAP	24760.5
2022-06-24	BSE_SMALLCAP	24876.75
2022-06-27	BSE_SMALLCAP	25061.61
2022-06-28	BSE_SMALLCAP	25239.52
2022-06-29	BSE_SMALLCAP	25589.17
2022-06-30	BSE_SMALLCAP	26016.57
2022-07-01	BSE_SMALLCAP	26073.95
2022-07-04	BSE_SMALLCAP	26067.77
2022-07-05	BSE_SMALLCAP	25801.08
2022-07-06	BSE_SMALLCAP	25613.36
2022-07-07	BSE_SMALLCAP	25152.21
2022-07-08	BSE_SMALLCAP	25659.38
2022-07-11	BSE_SMALLCAP	25653.42
2022-07-12	BSE_SMALLCAP	25937.88
2022-07-13	BSE_SMALLCAP	26937.51
2022-07-14	BSE_SMALLCAP	27801.44
2022-07-15	BSE_SMALLCAP	28252.12
2022-07-18	BSE_SMALLCAP	28125.03
2022-07-19	BSE_SMALLCAP	28459.31
2022-07-20	BSE_SMALLCAP	28477.62
2022-07-21	BSE_SMALLCAP	28129.1
2022-07-22	BSE_SMALLCAP	27795.62
2022-07-25	BSE_SMALLCAP	28145.88
2022-07-26	BSE_SMALLCAP	28454.87
2022-07-27	BSE_SMALLCAP	28960.9
2022-07-28	BSE_SMALLCAP	28887.07
2022-07-29	BSE_SMALLCAP	28731.38
2022-08-01	BSE_SMALLCAP	28321.15
2022-08-02	BSE_SMALLCAP	27697.83
2022-08-03	BSE_SMALLCAP	27393.99
2022-08-04	BSE_SMALLCAP	27166.93
2022-08-05	BSE_SMALLCAP	26761.23
2022-08-08	BSE_SMALLCAP	26590.6
2022-08-09	BSE_SMALLCAP	27318.08
2022-08-10	BSE_SMALLCAP	27078.11
2022-08-11	BSE_SMALLCAP	26411.91
2022-08-12	BSE_SMALLCAP	26486.52
2022-08-15	BSE_SMALLCAP	26741.83
2022-08-16	BSE_SMALLCAP	26434.33
2022-08-17	BSE_SMALLCAP	26732.53
2022-08-18	BSE_SMALLCAP	27429.18
2022-08-19	BSE_SMALLCAP	27360.27
2022-08-22	BSE_SMALLCAP	27663.3
2022-08-23	BSE_SMALLCAP	28039.98
2022-08-24	BSE_SMALLCAP	28220.21
2022-08-25	BSE_SMALLCAP	28598.18
2022-08-26	BSE_SMALLCAP	28830.53
2022-08-29	BSE_SMALLCAP	28474.91
2022-08-30	BSE_SMALLCAP	27624.41
2022-08-31	BSE_SMALLCAP	27715.82
2022-09-01	BSE_SMALLCAP	27646.84
2022-09-02	BSE_SMALLCAP	27049.82
2022-09-05	BSE_SMALLCAP	26988.5
2022-09-06	BSE_SMALLCAP	26957.43
2022-09-07	BSE_SMALLCAP	27088.73
2022-09-08	BSE_SMALLCAP	27530.17
2022-09-09	BSE_SMALLCAP	27243.29
2022-09-12	BSE_SMALLCAP	26493.84
2022-09-13	BSE_SMALLCAP	26365.48
2022-09-14	BSE_SMALLCAP	26683.67
2022-09-15	BSE_SMALLCAP	27202.57
2022-09-16	BSE_SMALLCAP	26995.6
2022-09-19	BSE_SMALLCAP	27234.79
2022-09-20	BSE_SMALLCAP	26841.93
2022-09-21	BSE_SMALLCAP	26863.67
2022-09-22	BSE_SMALLCAP	25841.96
2022-09-23	BSE_SMALLCAP	25743.31
2022-09-26	BSE_SMALLCAP	25876.15
2022-09-27	BSE_SMALLCAP	25730.42
2022-09-28	BSE_SMALLCAP	25252.67
2022-09-29	BSE_SMALLCAP	25297.88
2022-09-30	BSE_SMALLCAP	25960.24
2022-10-03	BSE_SMALLCAP	25681.36
2022-10-04	BSE_SMALLCAP	25446.41
2022-10-05	BSE_SMALLCAP	25380.02
2022-10-06	BSE_SMALLCAP	25990.58
2022-10-07	BSE_SMALLCAP	25533.02
2022-10-10	BSE_SMALLCAP	25280.35
2022-10-11	BSE_SMALLCAP	25536.38
2022-10-12	BSE_SMALLCAP	25120.8
2022-10-13	BSE_SMALLCAP	24841.79
2022-10-14	BSE_SMALLCAP	25478.64
2022-10-17	BSE_SMALLCAP	26121.27
2022-10-18	BSE_SMALLCAP	26354.64
2022-10-19	BSE_SMALLCAP	26493.76
2022-10-20	BSE_SMALLCAP	26297.74
2022-10-21	BSE_SMALLCAP	26318.14
2022-10-24	BSE_SMALLCAP	26059.94
2022-10-25	BSE_SMALLCAP	26632.96
2022-10-26	BSE_SMALLCAP	26706.23
2022-10-27	BSE_SMALLCAP	26667.86
2022-10-28	BSE_SMALLCAP	26707
2022-10-31	BSE_SMALLCAP	26491.69
2022-11-01	BSE_SMALLCAP	26700.01
2022-11-02	BSE_SMALLCAP	26637.64
2022-11-03	BSE_SMALLCAP	27752.52
2022-11-04	BSE_SMALLCAP	27604.73
2022-11-07	BSE_SMALLCAP	27946.12
2022-11-08	BSE_SMALLCAP	28690.65
2022-11-09	BSE_SMALLCAP	27622.31
2022-11-10	BSE_SMALLCAP	27477.8
2022-11-11	BSE_SMALLCAP	28086.31
2022-11-14	BSE_SMALLCAP	27244.48
2022-11-15	BSE_SMALLCAP	27719.02
2022-11-16	BSE_SMALLCAP	27865.23
2022-11-17	BSE_SMALLCAP	28487.28
2022-11-18	BSE_SMALLCAP	28389.71
2022-11-21	BSE_SMALLCAP	28514.47
2022-11-22	BSE_SMALLCAP	28075.96
2022-11-23	BSE_SMALLCAP	28007.33
2022-11-24	BSE_SMALLCAP	27727.05
2022-11-25	BSE_SMALLCAP	27522.75
2022-11-28	BSE_SMALLCAP	27599.18
2022-11-29	BSE_SMALLCAP	27320.7
2022-11-30	BSE_SMALLCAP	26507.41
2022-12-01	BSE_SMALLCAP	26616.42
2022-12-02	BSE_SMALLCAP	26715.71
2022-12-05	BSE_SMALLCAP	27011.5
2022-12-06	BSE_SMALLCAP	27028.43
2022-12-07	BSE_SMALLCAP	26644.82
2022-12-08	BSE_SMALLCAP	27233.46
2022-12-09	BSE_SMALLCAP	27125.2
2022-12-12	BSE_SMALLCAP	26782.2
2022-12-13	BSE_SMALLCAP	27347.04
2022-12-14	BSE_SMALLCAP	28019.79
2022-12-15	BSE_SMALLCAP	26985.68
2022-12-16	BSE_SMALLCAP	26660.06
2022-12-19	BSE_SMALLCAP	26611.41
2022-12-20	BSE_SMALLCAP	26733.39
2022-12-21	BSE_SMALLCAP	26996.14
2022-12-22	BSE_SMALLCAP	27974.84
2022-12-23	BSE_SMALLCAP	27572.94
2022-12-26	BSE_SMALLCAP	27652.79
2022-12-27	BSE_SMALLCAP	27112.64
2022-12-28	BSE_SMALLCAP	27217.46
2022-12-29	BSE_SMALLCAP	27869.89
2022-12-30	BSE_SMALLCAP	26829.94
2023-01-02	BSE_SMALLCAP	26319.71
2023-01-03	BSE_SMALLCAP	26625.99
2023-01-04	BSE_SMALLCAP	26945.39
2023-01-05	BSE_SMALLCAP	26656.53
2023-01-06	BSE_SMALLCAP	26979.32
2023-01-09	BSE_SMALLCAP	27491.18
2023-01-10	BSE_SMALLCAP	27721.88
2023-01-11	BSE_SMALLCAP	28308.89
2023-01-12	BSE_SMALLCAP	28456.61
2023-01-13	BSE_SMALLCAP	28373.67
2023-01-16	BSE_SMALLCAP	28506.27
2023-01-17	BSE_SMALLCAP	28862.01
2023-01-18	BSE_SMALLCAP	28244.49
2023-01-19	BSE_SMALLCAP	28370.68
2023-01-20	BSE_SMALLCAP	28340.36
2023-01-23	BSE_SMALLCAP	28152.72
2023-01-24	BSE_SMALLCAP	27733.13
2023-01-25	BSE_SMALLCAP	27038.85
2023-01-26	BSE_SMALLCAP	26865
2023-01-27	BSE_SMALLCAP	26663.21
2023-01-30	BSE_SMALLCAP	27032.92
2023-01-31	BSE_SMALLCAP	27479.07
2023-02-01	BSE_SMALLCAP	27175.46
2023-02-02	BSE_SMALLCAP	26871.75
2023-02-03	BSE_SMALLCAP	26682.32
2023-02-06	BSE_SMALLCAP	27118.76
2023-02-07	BSE_SMALLCAP	26886.79
2023-02-08	BSE_SMALLCAP	27648.21
2023-02-09	BSE_SMALLCAP	27716.21
2023-02-10	BSE_SMALLCAP	27906.7
2023-02-13	BSE_SMALLCAP	27745.16
2023-02-14	BSE_SMALLCAP	28395.1
2023-02-15	BSE_SMALLCAP	28587.01
2023-02-16	BSE_SMALLCAP	28417.7
2023-02-17	BSE_SMALLCAP	27923.07
2023-02-20	BSE_SMALLCAP	28210.37
2023-02-21	BSE_SMALLCAP	27981.12
2023-02-22	BSE_SMALLCAP	27932.27
2023-02-23	BSE_SMALLCAP	27591.83
2023-02-24	BSE_SMALLCAP	27260.96
2023-02-27	BSE_SMALLCAP	27050.6
2023-02-28	BSE_SMALLCAP	27045.63
2023-03-01	BSE_SMALLCAP	26623.1
2023-03-02	BSE_SMALLCAP	26549.03
2023-03-03	BSE_SMALLCAP	26304.3
2023-03-06	BSE_SMALLCAP	26278.84
2023-03-07	BSE_SMALLCAP	26633.83
2023-03-08	BSE_SMALLCAP	26730.38
2023-03-09	BSE_SMALLCAP	26524.9
2023-03-10	BSE_SMALLCAP	26526.22
2023-03-13	BSE_SMALLCAP	26765.75
2023-03-14	BSE_SMALLCAP	27046.37
2023-03-15	BSE_SMALLCAP	27143.73
2023-03-16	BSE_SMALLCAP	27848.3
2023-03-17	BSE_SMALLCAP	27529.04
2023-03-20	BSE_SMALLCAP	27750.68
2023-03-21	BSE_SMALLCAP	27744.49
2023-03-22	BSE_SMALLCAP	28159.19
2023-03-23	BSE_SMALLCAP	28183.23
2023-03-24	BSE_SMALLCAP	29029.68
2023-03-27	BSE_SMALLCAP	29086.31
2023-03-28	BSE_SMALLCAP	29404.31
2023-03-29	BSE_SMALLCAP	29343.92
2023-03-30	BSE_SMALLCAP	29504.71
2023-03-31	BSE_SMALLCAP	29276.56
2023-04-03	BSE_SMALLCAP	29472.3
2023-04-04	BSE_SMALLCAP	28701.76
2023-04-05	BSE_SMALLCAP	28508.84
2023-04-06	BSE_SMALLCAP	28257.51
2023-04-07	BSE_SMALLCAP	29033.77
2023-04-10	BSE_SMALLCAP	28763.73
2023-04-11	BSE_SMALLCAP	28591.86
2023-04-12	BSE_SMALLCAP	28311.79
2023-04-13	BSE_SMALLCAP	28493.92
2023-04-14	BSE_SMALLCAP	28383.3
2023-04-17	BSE_SMALLCAP	28224.95
2023-04-18	BSE_SMALLCAP	29094.78
2023-04-19	BSE_SMALLCAP	29177.41
2023-04-20	BSE_SMALLCAP	29473.93
2023-04-21	BSE_SMALLCAP	29661.79
2023-04-24	BSE_SMALLCAP	29339.61
2023-04-25	BSE_SMALLCAP	29126.16
2023-04-26	BSE_SMALLCAP	28697.68
2023-04-27	BSE_SMALLCAP	28233.41
2023-04-28	BSE_SMALLCAP	28267.09
2023-05-01	BSE_SMALLCAP	28326.79
2023-05-02	BSE_SMALLCAP	28296.73
2023-05-03	BSE_SMALLCAP	28464.9
2023-05-04	BSE_SMALLCAP	28419.55
2023-05-05	BSE_SMALLCAP	28932.47
2023-05-08	BSE_SMALLCAP	28753.15
2023-05-09	BSE_SMALLCAP	29167.28
2023-05-10	BSE_SMALLCAP	29495.28
2023-05-11	BSE_SMALLCAP	28486.5
2023-05-12	BSE_SMALLCAP	27916.81
2023-05-15	BSE_SMALLCAP	27276.83
2023-05-16	BSE_SMALLCAP	27410.84
2023-05-17	BSE_SMALLCAP	27020.31
2023-05-18	BSE_SMALLCAP	27433.6
2023-05-19	BSE_SMALLCAP	27040.02
2023-05-22	BSE_SMALLCAP	27125.66
2023-05-23	BSE_SMALLCAP	26766.34
2023-05-24	BSE_SMALLCAP	26998.58
2023-05-25	BSE_SMALLCAP	26898.61
2023-05-26	BSE_SMALLCAP	26749.94
2023-05-29	BSE_SMALLCAP	26515.15
2023-05-30	BSE_SMALLCAP	26129.72
2023-05-31	BSE_SMALLCAP	26279.51
2023-06-01	BSE_SMALLCAP	26051.42
2023-06-02	BSE_SMALLCAP	26949.53
2023-06-05	BSE_SMALLCAP	27569.9
2023-06-06	BSE_SMALLCAP	27487.27
2023-06-07	BSE_SMALLCAP	27350.33
2023-06-08	BSE_SMALLCAP	27296.16
2023-06-09	BSE_SMALLCAP	27889.4
2023-06-12	BSE_SMALLCAP	28734.98
2023-06-13	BSE_SMALLCAP	27982.17
2023-06-14	BSE_SMALLCAP	28525.82
2023-06-15	BSE_SMALLCAP	28432.07
2023-06-16	BSE_SMALLCAP	28129.75
2023-06-19	BSE_SMALLCAP	28589.56
2023-06-20	BSE_SMALLCAP	28642.34
2023-06-21	BSE_SMALLCAP	29211.43
2023-06-22	BSE_SMALLCAP	29620.48
2023-06-23	BSE_SMALLCAP	29778.37
2023-06-26	BSE_SMALLCAP	30477.38
2023-06-27	BSE_SMALLCAP	30434.97
2023-06-28	BSE_SMALLCAP	29997.23
2023-06-29	BSE_SMALLCAP	30827.26
2023-06-30	BSE_SMALLCAP	30748.14
2023-07-03	BSE_SMALLCAP	30844.17
2023-07-04	BSE_SMALLCAP	30626.53
2023-07-05	BSE_SMALLCAP	30691.23
2023-07-06	BSE_SMALLCAP	30849.58
2023-07-07	BSE_SMALLCAP	30399.48
2023-07-10	BSE_SMALLCAP	29965.02
2023-07-11	BSE_SMALLCAP	29621.69
2023-07-12	BSE_SMALLCAP	29590.55
2023-07-13	BSE_SMALLCAP	29790
2023-07-14	BSE_SMALLCAP	30351.62
2023-07-17	BSE_SMALLCAP	31422.38
2023-07-18	BSE_SMALLCAP	31523.16
2023-07-19	BSE_SMALLCAP	31349.07
2023-07-20	BSE_SMALLCAP	30353.51
2023-07-21	BSE_SMALLCAP	30484.41
2023-07-24	BSE_SMALLCAP	30434.28
2023-07-25	BSE_SMALLCAP	30305.69
2023-07-26	BSE_SMALLCAP	30052.41
2023-07-27	BSE_SMALLCAP	29814.18
2023-07-28	BSE_SMALLCAP	29971.67
2023-07-31	BSE_SMALLCAP	30261.21
2023-08-01	BSE_SMALLCAP	30271.81
2023-08-02	BSE_SMALLCAP	30625.64
2023-08-03	BSE_SMALLCAP	31199.01
2023-08-04	BSE_SMALLCAP	31181.08
2023-08-07	BSE_SMALLCAP	31736.8
2023-08-08	BSE_SMALLCAP	31343.06
2023-08-09	BSE_SMALLCAP	31491.68
2023-08-10	BSE_SMALLCAP	31347.35
2023-08-11	BSE_SMALLCAP	31584.09
2023-08-14	BSE_SMALLCAP	30676.35
2023-08-15	BSE_SMALLCAP	31203.05
2023-08-16	BSE_SMALLCAP	31204.5
2023-08-17	BSE_SMALLCAP	31415.25
2023-08-18	BSE_SMALLCAP	31097.04
2023-08-21	BSE_SMALLCAP	31847.62
2023-08-22	BSE_SMALLCAP	32022.95
2023-08-23	BSE_SMALLCAP	31877.62
2023-08-24	BSE_SMALLCAP	30986.61
2023-08-25	BSE_SMALLCAP	30859.64
2023-08-28	BSE_SMALLCAP	29904.82
2023-08-29	BSE_SMALLCAP	29979.19
2023-08-30	BSE_SMALLCAP	30247.27
2023-08-31	BSE_SMALLCAP	30567.67
2023-09-01	BSE_SMALLCAP	30227.95
2023-09-04	BSE_SMALLCAP	29985.37
2023-09-05	BSE_SMALLCAP	29968.13
2023-09-06	BSE_SMALLCAP	29762.89
2023-09-07	BSE_SMALLCAP	29106.84
2023-09-08	BSE_SMALLCAP	28878.35
2023-09-11	BSE_SMALLCAP	29059.36
2023-09-12	BSE_SMALLCAP	28895.48
2023-09-13	BSE_SMALLCAP	28822.07
2023-09-14	BSE_SMALLCAP	28635.46
2023-09-15	BSE_SMALLCAP	29601.16
2023-09-18	BSE_SMALLCAP	29673.85
2023-09-19	BSE_SMALLCAP	29787.26
2023-09-20	BSE_SMALLCAP	29573.41
2023-09-21	BSE_SMALLCAP	29789.24
2023-09-22	BSE_SMALLCAP	29851.06
2023-09-25	BSE_SMALLCAP	29160.16
2023-09-26	BSE_SMALLCAP	29792.45
2023-09-27	BSE_SMALLCAP	29768.41
2023-09-28	BSE_SMALLCAP	30011.8
2023-09-29	BSE_SMALLCAP	29770.23
2023-10-02	BSE_SMALLCAP	29976.65
2023-10-03	BSE_SMALLCAP	30276.32
2023-10-04	BSE_SMALLCAP	29689.29
2023-10-05	BSE_SMALLCAP	29926.01
2023-10-06	BSE_SMALLCAP	29902.95
2023-10-09	BSE_SMALLCAP	29500.98
2023-10-10	BSE_SMALLCAP	30214.47
2023-10-11	BSE_SMALLCAP	29847.52
2023-10-12	BSE_SMALLCAP	29965.71
2023-10-13	BSE_SMALLCAP	29475.99
2023-10-16	BSE_SMALLCAP	29050.28
2023-10-17	BSE_SMALLCAP	29500.91
2023-10-18	BSE_SMALLCAP	29378.69
2023-10-19	BSE_SMALLCAP	29993.32
2023-10-20	BSE_SMALLCAP	29843.74
2023-10-23	BSE_SMALLCAP	29677.05
2023-10-24	BSE_SMALLCAP	29386.6
2023-10-25	BSE_SMALLCAP	29207.64
2023-10-26	BSE_SMALLCAP	29480.18
2023-10-27	BSE_SMALLCAP	29536.7
2023-10-30	BSE_SMALLCAP	29432.26
2023-10-31	BSE_SMALLCAP	29736.37
2023-11-01	BSE_SMALLCAP	29985.49
2023-11-02	BSE_SMALLCAP	29890.89
2023-11-03	BSE_SMALLCAP	30550.91
2023-11-06	BSE_SMALLCAP	29926.42
2023-11-07	BSE_SMALLCAP	30116.75
2023-11-08	BSE_SMALLCAP	30087.01
2023-11-09	BSE_SMALLCAP	30319.07
2023-11-10	BSE_SMALLCAP	30384.65
2023-11-13	BSE_SMALLCAP	30517.29
2023-11-14	BSE_SMALLCAP	29791.34
2023-11-15	BSE_SMALLCAP	29906.17
2023-11-16	BSE_SMALLCAP	30363.05
2023-11-17	BSE_SMALLCAP	30131.52
2023-11-20	BSE_SMALLCAP	30572.19
2023-11-21	BSE_SMALLCAP	30444.61
2023-11-22	BSE_SMALLCAP	30217.12
2023-11-23	BSE_SMALLCAP	30000.97
2023-11-24	BSE_SMALLCAP	29600.64
2023-11-27	BSE_SMALLCAP	29651.28
2023-11-28	BSE_SMALLCAP	29416.95
2023-11-29	BSE_SMALLCAP	29215.48
2023-11-30	BSE_SMALLCAP	28960.4
2023-12-01	BSE_SMALLCAP	29112.78
2023-12-04	BSE_SMALLCAP	28626.99
2023-12-05	BSE_SMALLCAP	28883.51
2023-12-06	BSE_SMALLCAP	29105.97
2023-12-07	BSE_SMALLCAP	29332.73
2023-12-08	BSE_SMALLCAP	28957.48
2023-12-11	BSE_SMALLCAP	29074.15
2023-12-12	BSE_SMALLCAP	29625.29
2023-12-13	BSE_SMALLCAP	29154.4
2023-12-14	BSE_SMALLCAP	29248.55
2023-12-15	BSE_SMALLCAP	28821.01
2023-12-18	BSE_SMALLCAP	28732.52
2023-12-19	BSE_SMALLCAP	28740.08
2023-12-20	BSE_SMALLCAP	28509.29
2023-12-21	BSE_SMALLCAP	28234.42
2023-12-22	BSE_SMALLCAP	28355.05
2023-12-25	BSE_SMALLCAP	27980.85
2023-12-26	BSE_SMALLCAP	28201.98
2023-12-27	BSE_SMALLCAP	28911.6
2023-12-28	BSE_SMALLCAP	28424.4
2023-12-29	BSE_SMALLCAP	27922.2
2024-01-01	BSE_SMALLCAP	27361.38
2024-01-02	BSE_SMALLCAP	27200.79
2024-01-03	BSE_SMALLCAP	27545.85
2024-01-04	BSE_SMALLCAP	27930
2024-01-05	BSE_SMALLCAP	28113.62
2024-01-08	BSE_SMALLCAP	28211.95
2024-01-09	BSE_SMALLCAP	28735.72
2024-01-10	BSE_SMALLCAP	28561.91
2024-01-11	BSE_SMALLCAP	28804.51
2024-01-12	BSE_SMALLCAP	29629.21
2024-01-15	BSE_SMALLCAP	30161.77
2024-01-16	BSE_SMALLCAP	29718.08
2024-01-17	BSE_SMALLCAP	29501.59
2024-01-18	BSE_SMALLCAP	30366.65
2024-01-19	BSE_SMALLCAP	30146.9
2024-01-22	BSE_SMALLCAP	30844.19
2024-01-23	BSE_SMALLCAP	30682.12
2024-01-24	BSE_SMALLCAP	30619.5
2024-01-25	BSE_SMALLCAP	30254.09
2024-01-26	BSE_SMALLCAP	29963.82
2024-01-29	BSE_SMALLCAP	29904.13
2024-01-30	BSE_SMALLCAP	30002.13
2024-01-31	BSE_SMALLCAP	29856.53
2024-02-01	BSE_SMALLCAP	30169.22
2024-02-02	BSE_SMALLCAP	30023.74
2024-02-05	BSE_SMALLCAP	29197.88
2024-02-06	BSE_SMALLCAP	29134.83
2024-02-07	BSE_SMALLCAP	28965
2024-02-08	BSE_SMALLCAP	29589.39
2024-02-09	BSE_SMALLCAP	29980.46
2024-02-12	BSE_SMALLCAP	30417.75
2024-02-13	BSE_SMALLCAP	30737.34
2024-02-14	BSE_SMALLCAP	30947.09
2024-02-15	BSE_SMALLCAP	31156.93
2024-02-16	BSE_SMALLCAP	31580.57
2024-02-19	BSE_SMALLCAP	31858.23
2024-02-20	BSE_SMALLCAP	31648.99
2024-02-21	BSE_SMALLCAP	31056.46
2024-02-22	BSE_SMALLCAP	30276.6
2024-02-23	BSE_SMALLCAP	29943.68
2024-02-26	BSE_SMALLCAP	29661
2024-02-27	BSE_SMALLCAP	29643.18
2024-02-28	BSE_SMALLCAP	29613.75
2024-02-29	BSE_SMALLCAP	30357.45
2024-03-01	BSE_SMALLCAP	30616.47
2024-03-04	BSE_SMALLCAP	30323.31
2024-03-05	BSE_SMALLCAP	30927.26
2024-03-06	BSE_SMALLCAP	30850.89
2024-03-07	BSE_SMALLCAP	31116.28
2024-03-08	BSE_SMALLCAP	31341.27
2024-03-11	BSE_SMALLCAP	31381.24
2024-03-12	BSE_SMALLCAP	32025.15
2024-03-13	BSE_SMALLCAP	31789.63
2024-03-14	BSE_SMALLCAP	31869.11
2024-03-15	BSE_SMALLCAP	31495.76
2024-03-18	BSE_SMALLCAP	31671.72
2024-03-19	BSE_SMALLCAP	31873.85
2024-03-20	BSE_SMALLCAP	31934.59
2024-03-21	BSE_SMALLCAP	31987.56
2024-03-22	BSE_SMALLCAP	31932.93
2024-03-25	BSE_SMALLCAP	32122.98
2024-03-26	BSE_SMALLCAP	32422.55
2024-03-27	BSE_SMALLCAP	31905.46
2024-03-28	BSE_SMALLCAP	31805.71
2024-03-29	BSE_SMALLCAP	31669.24
2024-04-01	BSE_SMALLCAP	31983.58
2024-04-02	BSE_SMALLCAP	32546.98
2024-04-03	BSE_SMALLCAP	32763.83
2024-04-04	BSE_SMALLCAP	32852.35
2024-04-05	BSE_SMALLCAP	32527.53
2024-04-08	BSE_SMALLCAP	33401.58
2024-04-09	BSE_SMALLCAP	33000.86
2024-04-10	BSE_SMALLCAP	32454.97
2024-04-11	BSE_SMALLCAP	32803.63
2024-04-12	BSE_SMALLCAP	32595.18
2024-04-15	BSE_SMALLCAP	32965.92
2024-04-16	BSE_SMALLCAP	33650.78
2024-04-17	BSE_SMALLCAP	33550.26
2024-04-18	BSE_SMALLCAP	33787.06
2024-04-19	BSE_SMALLCAP	33602.75
2024-04-22	BSE_SMALLCAP	33661.25
2024-04-23	BSE_SMALLCAP	33625.6
2024-04-24	BSE_SMALLCAP	34100.33
2024-04-25	BSE_SMALLCAP	33867.82
2024-04-26	BSE_SMALLCAP	33577.05
2024-04-29	BSE_SMALLCAP	33509.29
2024-04-30	BSE_SMALLCAP	33842.75
2024-05-01	BSE_SMALLCAP	33493.93
2024-05-02	BSE_SMALLCAP	32972.81
2024-05-03	BSE_SMALLCAP	33538.08
2024-05-06	BSE_SMALLCAP	32543.93
2024-05-07	BSE_SMALLCAP	31984.81
2024-05-08	BSE_SMALLCAP	32983.03
2024-05-09	BSE_SMALLCAP	32214.92
2024-05-10	BSE_SMALLCAP	32043
2024-05-13	BSE_SMALLCAP	31778.86
2024-05-14	BSE_SMALLCAP	30806.42
2024-05-15	BSE_SMALLCAP	30402.73
2024-05-16	BSE_SMALLCAP	30536.45
2024-05-17	BSE_SMALLCAP	30879.61
2024-05-20	BSE_SMALLCAP	31377.87
2024-05-21	BSE_SMALLCAP	31238.09
2024-05-22	BSE_SMALLCAP	30469.31
2024-05-23	BSE_SMALLCAP	30512.96
2024-05-24	BSE_SMALLCAP	31121.98
2024-05-27	BSE_SMALLCAP	31809.83
2024-05-28	BSE_SMALLCAP	32268.94
2024-05-29	BSE_SMALLCAP	31687.7
2024-05-30	BSE_SMALLCAP	31624.96
2024-05-31	BSE_SMALLCAP	31748.58
2024-06-03	BSE_SMALLCAP	31944.41
2024-06-04	BSE_SMALLCAP	31188.91
2024-06-05	BSE_SMALLCAP	32113.4
2024-06-06	BSE_SMALLCAP	32729.43
2024-06-07	BSE_SMALLCAP	32751.58
2024-06-10	BSE_SMALLCAP	32833.07
2024-06-11	BSE_SMALLCAP	32629.81
2024-06-12	BSE_SMALLCAP	33217.28
2024-06-13	BSE_SMALLCAP	32712.14
2024-06-14	BSE_SMALLCAP	32787.1
2024-06-17	BSE_SMALLCAP	32431.97
2024-06-18	BSE_SMALLCAP	32447.21
2024-06-19	BSE_SMALLCAP	33000.73
2024-06-20	BSE_SMALLCAP	32731.29
2024-06-21	BSE_SMALLCAP	32836.97
2024-06-24	BSE_SMALLCAP	32802.32
2024-06-25	BSE_SMALLCAP	32493.34
2024-06-26	BSE_SMALLCAP	32239.44
2024-06-27	BSE_SMALLCAP	31992.44
2024-06-28	BSE_SMALLCAP	31224.26
2024-07-01	BSE_SMALLCAP	31178.79
2024-07-02	BSE_SMALLCAP	31234.74
2024-07-03	BSE_SMALLCAP	30607.32
2024-07-04	BSE_SMALLCAP	30437.49
2024-07-05	BSE_SMALLCAP	30364.12
2024-07-08	BSE_SMALLCAP	30728.06
2024-07-09	BSE_SMALLCAP	31494.07
2024-07-10	BSE_SMALLCAP	31688.88
2024-07-11	BSE_SMALLCAP	31112.04
2024-07-12	BSE_SMALLCAP	30737.86
2024-07-15	BSE_SMALLCAP	30791.16
2024-07-16	BSE_SMALLCAP	30620.54
2024-07-17	BSE_SMALLCAP	30625.44
2024-07-18	BSE_SMALLCAP	31001.15
2024-07-19	BSE_SMALLCAP	30949.63
2024-07-22	BSE_SMALLCAP	32039.98
2024-07-23	BSE_SMALLCAP	31369.39
2024-07-24	BSE_SMALLCAP	31627.15
2024-07-25	BSE_SMALLCAP	30926.4
2024-07-26	BSE_SMALLCAP	30584.92
2024-07-29	BSE_SMALLCAP	30965.79
2024-07-30	BSE_SMALLCAP	30115.28
2024-07-31	BSE_SMALLCAP	30261.13
2024-08-01	BSE_SMALLCAP	29765.26
2024-08-02	BSE_SMALLCAP	29757.68
2024-08-05	BSE_SMALLCAP	29520.13
2024-08-06	BSE_SMALLCAP	29546.99
2024-08-07	BSE_SMALLCAP	29731.45
2024-08-08	BSE_SMALLCAP	30192.46
2024-08-09	BSE_SMALLCAP	30272.31
2024-08-12	BSE_SMALLCAP	30553.49
2024-08-13	BSE_SMALLCAP	30546.78
2024-08-14	BSE_SMALLCAP	30005.06
2024-08-15	BSE_SMALLCAP	29556.16
2024-08-16	BSE_SMALLCAP	30195.11
2024-08-19	BSE_SMALLCAP	29709.82
2024-08-20	BSE_SMALLCAP	29809.66
2024-08-21	BSE_SMALLCAP	29903.18
2024-08-22	BSE_SMALLCAP	29973.56
2024-08-23	BSE_SMALLCAP	30423.16
2024-08-26	BSE_SMALLCAP	30173.77
2024-08-27	BSE_SMALLCAP	30106.91
2024-08-28	BSE_SMALLCAP	29986.43
2024-08-29	BSE_SMALLCAP	29080.05
2024-08-30	BSE_SMALLCAP	28795.65
2024-09-02	BSE_SMALLCAP	29244.94
2024-09-03	BSE_SMALLCAP	30098.31
2024-09-04	BSE_SMALLCAP	30519.2
2024-09-05	BSE_SMALLCAP	30705.89
2024-09-06	BSE_SMALLCAP	30147.69
2024-09-09	BSE_SMALLCAP	30246.83
2024-09-10	BSE_SMALLCAP	30309.89
2024-09-11	BSE_SMALLCAP	31331.8
2024-09-12	BSE_SMALLCAP	30604.27
2024-09-13	BSE_SMALLCAP	30099.76
2024-09-16	BSE_SMALLCAP	30631.45
2024-09-17	BSE_SMALLCAP	31316.54
2024-09-18	BSE_SMALLCAP	31483.12
2024-09-19	BSE_SMALLCAP	31346.65
2024-09-20	BSE_SMALLCAP	31619.15
2024-09-23	BSE_SMALLCAP	32611.3
2024-09-24	BSE_SMALLCAP	32343.05
2024-09-25	BSE_SMALLCAP	32575.59
2024-09-26	BSE_SMALLCAP	32507.76
2024-09-27	BSE_SMALLCAP	32697.99
2024-09-30	BSE_SMALLCAP	33076.34
2024-10-01	BSE_SMALLCAP	32831.98
2024-10-02	BSE_SMALLCAP	33305.02
2024-10-03	BSE_SMALLCAP	33102.21
2024-10-04	BSE_SMALLCAP	33389.76
2024-10-07	BSE_SMALLCAP	32526
2024-10-08	BSE_SMALLCAP	32895.33
2024-10-09	BSE_SMALLCAP	32516.54
2024-10-10	BSE_SMALLCAP	32315.15
2024-10-11	BSE_SMALLCAP	31342.41
2024-10-14	BSE_SMALLCAP	31267.26
2024-10-15	BSE_SMALLCAP	31870.94
2024-10-16	BSE_SMALLCAP	31208.8
2024-10-17	BSE_SMALLCAP	31315.41
2024-10-18	BSE_SMALLCAP	30464.24
2024-10-21	BSE_SMALLCAP	30422.67
2024-10-22	BSE_SMALLCAP	30808.72
2024-10-23	BSE_SMALLCAP	30784.4
2024-10-24	BSE_SMALLCAP	31141.45
2024-10-25	BSE_SMALLCAP	30947.48
2024-10-28	BSE_SMALLCAP	32098.9
2024-10-29	BSE_SMALLCAP	32615.67
2024-10-30	BSE_SMALLCAP	32733.86
2024-10-31	BSE_SMALLCAP	33543.71
2024-11-01	BSE_SMALLCAP	34222.75
2024-11-04	BSE_SMALLCAP	33993.08
2024-11-05	BSE_SMALLCAP	34254.28
2024-11-06	BSE_SMALLCAP	34138.45
2024-11-07	BSE_SMALLCAP	34600.55
2024-11-08	BSE_SMALLCAP	35387.83
2024-11-11	BSE_SMALLCAP	34694.22
2024-11-12	BSE_SMALLCAP	34776.37
2024-11-13	BSE_SMALLCAP	35513.76
2024-11-14	BSE_SMALLCAP	35915.63
2024-11-15	BSE_SMALLCAP	36154.89
2024-11-18	BSE_SMALLCAP	36723.84
2024-11-19	BSE_SMALLCAP	36075.02
2024-11-20	BSE_SMALLCAP	36386.2
2024-11-21	BSE_SMALLCAP	37040.06
2024-11-22	BSE_SMALLCAP	37360.2
2024-11-25	BSE_SMALLCAP	36760.39
2024-11-26	BSE_SMALLCAP	36595.04
2024-11-27	BSE_SMALLCAP	36626.79
2024-11-28	BSE_SMALLCAP	36239.2
2024-11-29	BSE_SMALLCAP	35814.92
2024-12-02	BSE_SMALLCAP	36085.33
2024-12-03	BSE_SMALLCAP	36945.06
2024-12-04	BSE_SMALLCAP	36017.96
2024-12-05	BSE_SMALLCAP	35803.23
2024-12-06	BSE_SMALLCAP	35471.92
2024-12-09	BSE_SMALLCAP	36243.44
2024-12-10	BSE_SMALLCAP	36634.67
2024-12-11	BSE_SMALLCAP	37374.7
2024-12-12	BSE_SMALLCAP	37863.38
2024-12-13	BSE_SMALLCAP	38515.82
2024-12-16	BSE_SMALLCAP	38696.78
2024-12-17	BSE_SMALLCAP	38980.65
2024-12-18	BSE_SMALLCAP	39293.25
2024-12-19	BSE_SMALLCAP	39339.46
2024-12-20	BSE_SMALLCAP	39370.34
2024-12-23	BSE_SMALLCAP	39658.63
2024-12-24	BSE_SMALLCAP	39935.01
2024-12-25	BSE_SMALLCAP	40080.76
2024-12-26	BSE_SMALLCAP	40209.98
2024-12-27	BSE_SMALLCAP	40637.66
2024-12-30	BSE_SMALLCAP	40594.86
2024-12-31	BSE_SMALLCAP	39942.39
2025-01-01	BSE_SMALLCAP	40085.12
2025-01-02	BSE_SMALLCAP	39617.6
2025-01-03	BSE_SMALLCAP	40220.72
2025-01-06	BSE_SMALLCAP	39923.38
2025-01-07	BSE_SMALLCAP	39675.82
2025-01-08	BSE_SMALLCAP	39933.13
2025-01-09	BSE_SMALLCAP	39955.18
2025-01-10	BSE_SMALLCAP	40644.33
2025-01-13	BSE_SMALLCAP	40555.66
2025-01-14	BSE_SMALLCAP	40419.5
2025-01-15	BSE_SMALLCAP	40022.8
2025-01-16	BSE_SMALLCAP	39398.85
2025-01-17	BSE_SMALLCAP	39140.44
2025-01-20	BSE_SMALLCAP	39392.4
2025-01-21	BSE_SMALLCAP	40128.05
2025-01-22	BSE_SMALLCAP	40633.17
2025-01-23	BSE_SMALLCAP	40342.01
2025-01-24	BSE_SMALLCAP	40461.7
2025-01-27	BSE_SMALLCAP	40506.36
2025-01-28	BSE_SMALLCAP	41191.47
2025-01-29	BSE_SMALLCAP	41979.28
2025-01-30	BSE_SMALLCAP	40891.03
2025-01-31	BSE_SMALLCAP	41718.09
2025-02-03	BSE_SMALLCAP	40849.61
2025-02-04	BSE_SMALLCAP	41033.82
2025-02-05	BSE_SMALLCAP	39890.85
2025-02-06	BSE_SMALLCAP	40485.18
2025-02-07	BSE_SMALLCAP	40324.49
2025-02-10	BSE_SMALLCAP	40733.43
2025-02-11	BSE_SMALLCAP	40600.07
2025-02-12	BSE_SMALLCAP	41179.76
2025-02-13	BSE_SMALLCAP	40268.16
2025-02-14	BSE_SMALLCAP	40638.98
2025-02-17	BSE_SMALLCAP	40903.68
2025-02-18	BSE_SMALLCAP	41146.18
2025-02-19	BSE_SMALLCAP	41469.68
2025-02-20	BSE_SMALLCAP	42157.23
2025-02-21	BSE_SMALLCAP	42768.28
2025-02-24	BSE_SMALLCAP	41969.79
2025-02-25	BSE_SMALLCAP	42066.62
2025-02-26	BSE_SMALLCAP	42304.46
2025-02-27	BSE_SMALLCAP	42295.84
2025-02-28	BSE_SMALLCAP	42416.92
2025-03-03	BSE_SMALLCAP	42729.36
2025-03-04	BSE_SMALLCAP	43210.87
2025-03-05	BSE_SMALLCAP	43584.9
2025-03-06	BSE_SMALLCAP	44141.31
2025-03-07	BSE_SMALLCAP	45395.01
2025-03-10	BSE_SMALLCAP	45297.14
2025-03-11	BSE_SMALLCAP	45245.3
2025-03-12	BSE_SMALLCAP	45720.97
2025-03-13	BSE_SMALLCAP	45750.9
2025-03-14	BSE_SMALLCAP	45569.23
2025-03-17	BSE_SMALLCAP	45315.33
2025-03-18	BSE_SMALLCAP	45744.38
2025-03-19	BSE_SMALLCAP	46064.96
2025-03-20	BSE_SMALLCAP	47305.18
2025-03-21	BSE_SMALLCAP	46671.55
2025-03-24	BSE_SMALLCAP	46061.68
2025-03-25	BSE_SMALLCAP	46137.13
2025-03-26	BSE_SMALLCAP	45670.98
2025-03-27	BSE_SMALLCAP	44589.33
2025-03-28	BSE_SMALLCAP	44361.17
2025-03-31	BSE_SMALLCAP	45743.91
2025-04-01	BSE_SMALLCAP	47381.75
2025-04-02	BSE_SMALLCAP	47773.1
2025-04-03	BSE_SMALLCAP	47075.11
2025-04-04	BSE_SMALLCAP	46601.24
2025-04-07	BSE_SMALLCAP	46694.46
2025-04-08	BSE_SMALLCAP	46402.49
2025-04-09	BSE_SMALLCAP	46540.96
2025-04-10	BSE_SMALLCAP	46602.17
2025-04-11	BSE_SMALLCAP	45850.77
2025-04-14	BSE_SMALLCAP	45852.39
2025-04-15	BSE_SMALLCAP	46180.52
2025-04-16	BSE_SMALLCAP	45974.67
2025-04-17	BSE_SMALLCAP	46615.06
2025-04-18	BSE_SMALLCAP	46684.41
2025-04-21	BSE_SMALLCAP	46633.49
2025-04-22	BSE_SMALLCAP	46706.88
2025-04-23	BSE_SMALLCAP	46391.03
2025-04-24	BSE_SMALLCAP	46686.01
2025-04-25	BSE_SMALLCAP	46167.51
2025-04-28	BSE_SMALLCAP	47755.56
2025-04-29	BSE_SMALLCAP	49152.45
2025-04-30	BSE_SMALLCAP	49135.04
2025-05-01	BSE_SMALLCAP	49559.78
2025-05-02	BSE_SMALLCAP	50010.89
2025-05-05	BSE_SMALLCAP	50460.77
2025-05-06	BSE_SMALLCAP	50978.4
2025-05-07	BSE_SMALLCAP	51552.42
2025-05-08	BSE_SMALLCAP	52087.35
2025-05-09	BSE_SMALLCAP	51560.11
2025-05-12	BSE_SMALLCAP	51916.11
2025-05-13	BSE_SMALLCAP	51419.84
2025-05-14	BSE_SMALLCAP	51831.05
2025-05-15	BSE_SMALLCAP	52545.44
2025-05-16	BSE_SMALLCAP	52857
2025-05-19	BSE_SMALLCAP	53446.3
2025-05-20	BSE_SMALLCAP	53647.63
2025-05-21	BSE_SMALLCAP	55079.57
2025-05-22	BSE_SMALLCAP	55433.48
2025-05-23	BSE_SMALLCAP	54771.35
2025-05-26	BSE_SMALLCAP	54442.32
2025-05-27	BSE_SMALLCAP	54810.27
2025-05-28	BSE_SMALLCAP	55856.33
2025-05-29	BSE_SMALLCAP	56208.48
2025-05-30	BSE_SMALLCAP	56424.96
2025-06-02	BSE_SMALLCAP	55597.2
2025-06-03	BSE_SMALLCAP	57118.39
2025-06-04	BSE_SMALLCAP	56116.96
2025-06-05	BSE_SMALLCAP	54966.92
2025-06-06	BSE_SMALLCAP	54648.9
2025-06-09	BSE_SMALLCAP	55138.92
2025-06-10	BSE_SMALLCAP	54873.27
2025-06-11	BSE_SMALLCAP	54445.48
2025-06-12	BSE_SMALLCAP	53866.98
2025-06-13	BSE_SMALLCAP	55242.36
2025-06-16	BSE_SMALLCAP	55539.29
2025-06-17	BSE_SMALLCAP	56273.48
2025-06-18	BSE_SMALLCAP	57942.32
2025-06-19	BSE_SMALLCAP	59634.15
2025-06-20	BSE_SMALLCAP	58938.35
2025-06-23	BSE_SMALLCAP	59184.89
2025-06-24	BSE_SMALLCAP	59877.05
2025-06-25	BSE_SMALLCAP	60009.88
2025-06-26	BSE_SMALLCAP	59492.99
2025-06-27	BSE_SMALLCAP	57375.53
2025-06-30	BSE_SMALLCAP	58497.48
2025-07-01	BSE_SMALLCAP	60058.23
2025-07-02	BSE_SMALLCAP	60717.87
2025-07-03	BSE_SMALLCAP	60741.34
2025-07-04	BSE_SMALLCAP	60320.87
2025-07-07	BSE_SMALLCAP	60472.49
2025-07-08	BSE_SMALLCAP	61646.45
2025-07-09	BSE_SMALLCAP	62163.82
2025-07-10	BSE_SMALLCAP	60359.81
2025-07-11	BSE_SMALLCAP	61760.28
2025-07-14	BSE_SMALLCAP	62388.31
2025-07-15	BSE_SMALLCAP	61512.19
2025-07-16	BSE_SMALLCAP	62062.91
2025-07-17	BSE_SMALLCAP	62286.47
2025-07-18	BSE_SMALLCAP	62507.67
2025-07-21	BSE_SMALLCAP	61684.57
2025-07-22	BSE_SMALLCAP	61505.58
2025-07-23	BSE_SMALLCAP	60189.81
2025-07-24	BSE_SMALLCAP	61264.97
2025-07-25	BSE_SMALLCAP	60584.88
2025-07-28	BSE_SMALLCAP	61578.47
2025-07-29	BSE_SMALLCAP	62149.46
2025-07-30	BSE_SMALLCAP	61853.45
2025-07-31	BSE_SMALLCAP	61258.84
2025-08-01	BSE_SMALLCAP	61480.78
2025-08-04	BSE_SMALLCAP	62456.79
2025-08-05	BSE_SMALLCAP	63209.53
2025-08-06	BSE_SMALLCAP	63752.17
2025-08-07	BSE_SMALLCAP	63653.66
2025-08-08	BSE_SMALLCAP	64423.76
2025-08-11	BSE_SMALLCAP	63106.13
2025-08-12	BSE_SMALLCAP	63367.05
2025-08-13	BSE_SMALLCAP	63420.05
2025-08-14	BSE_SMALLCAP	62398.27
2025-08-15	BSE_SMALLCAP	62141.03
2025-08-18	BSE_SMALLCAP	63661.07
2025-08-19	BSE_SMALLCAP	64212.71
2025-08-20	BSE_SMALLCAP	65100.35
2025-08-21	BSE_SMALLCAP	64745.56
2025-08-22	BSE_SMALLCAP	63301.11
2025-08-25	BSE_SMALLCAP	64677.98
2025-08-26	BSE_SMALLCAP	64070.33
2025-08-27	BSE_SMALLCAP	63823.75
2025-08-28	BSE_SMALLCAP	62686.62
2025-08-29	BSE_SMALLCAP	63953.73
2025-09-01	BSE_SMALLCAP	64293.37
2025-09-02	BSE_SMALLCAP	64221.84
2025-09-03	BSE_SMALLCAP	64816.36
2025-09-04	BSE_SMALLCAP	64530.86
2025-09-05	BSE_SMALLCAP	64038.05
2025-09-08	BSE_SMALLCAP	63043.37
2025-09-09	BSE_SMALLCAP	61954.08
2025-09-10	BSE_SMALLCAP	62925.38
2025-09-11	BSE_SMALLCAP	64086.53
2025-09-12	BSE_SMALLCAP	62642.8
2025-09-15	BSE_SMALLCAP	62643.08
2025-09-16	BSE_SMALLCAP	62779.6
2025-09-17	BSE_SMALLCAP	62261.02
2025-09-18	BSE_SMALLCAP	61605.69
2025-09-19	BSE_SMALLCAP	61736.39
2025-09-22	BSE_SMALLCAP	61186.87
2025-09-23	BSE_SMALLCAP	61257.8
2025-09-24	BSE_SMALLCAP	60390.72
2025-09-25	BSE_SMALLCAP	59946.92
2025-09-26	BSE_SMALLCAP	59760.2
2025-09-29	BSE_SMALLCAP	59526.72
2025-09-30	BSE_SMALLCAP	60522.99
2025-10-01	BSE_SMALLCAP	60104.5
2025-10-02	BSE_SMALLCAP	60938.43
2025-10-03	BSE_SMALLCAP	58518.22
2025-10-06	BSE_SMALLCAP	58561.7
2025-10-07	BSE_SMALLCAP	56926.72
2025-10-08	BSE_SMALLCAP	57949.49
2025-10-09	BSE_SMALLCAP	59641.19
2025-10-10	BSE_SMALLCAP	59653.95
2025-10-13	BSE_SMALLCAP	61138.75
2025-10-14	BSE_SMALLCAP	60510.43
2025-10-15	BSE_SMALLCAP	61383.81
2025-10-16	BSE_SMALLCAP	62151.96
2025-10-17	BSE_SMALLCAP	62064.36
2025-10-20	BSE_SMALLCAP	62100.98
2025-10-21	BSE_SMALLCAP	62432.12
2025-10-22	BSE_SMALLCAP	62655.24
2025-10-23	BSE_SMALLCAP	62999.73
2025-10-24	BSE_SMALLCAP	64942
2025-10-27	BSE_SMALLCAP	66819.39
2025-10-28	BSE_SMALLCAP	67658.02
2025-10-29	BSE_SMALLCAP	69674.88
2025-10-30	BSE_SMALLCAP	68673.97
2025-10-31	BSE_SMALLCAP	69511.77
2025-11-03	BSE_SMALLCAP	70397.44
2025-11-04	BSE_SMALLCAP	70046.84
2025-11-05	BSE_SMALLCAP	72223.38
2025-11-06	BSE_SMALLCAP	73913.59
2025-11-07	BSE_SMALLCAP	74517.79
2025-11-10	BSE_SMALLCAP	73842.5
2025-11-11	BSE_SMALLCAP	72338.85
2025-11-12	BSE_SMALLCAP	71361.43
2025-11-13	BSE_SMALLCAP	73052.97
2025-11-14	BSE_SMALLCAP	72829.17
2025-11-17	BSE_SMALLCAP	74055.29
2025-11-18	BSE_SMALLCAP	74484.52
2025-11-19	BSE_SMALLCAP	72475.31
2025-11-20	BSE_SMALLCAP	72265.47
2025-11-21	BSE_SMALLCAP	71363.39
2025-11-24	BSE_SMALLCAP	72243.38
2025-11-25	BSE_SMALLCAP	73190.26
2025-11-26	BSE_SMALLCAP	73055.37
2025-11-27	BSE_SMALLCAP	74685.48
2025-11-28	BSE_SMALLCAP	75868.06
2025-12-01	BSE_SMALLCAP	75473.32
2025-12-02	BSE_SMALLCAP	76100.64
2025-12-03	BSE_SMALLCAP	75323.76
2025-12-04	BSE_SMALLCAP	75027.45
2025-12-05	BSE_SMALLCAP	75717.9
2025-12-08	BSE_SMALLCAP	75833.69
2025-12-09	BSE_SMALLCAP	74412.42
2025-12-10	BSE_SMALLCAP	74896.54
2025-12-11	BSE_SMALLCAP	74619.95
2025-12-12	BSE_SMALLCAP	73853.06
2025-12-15	BSE_SMALLCAP	72792.85
2025-12-16	BSE_SMALLCAP	72650.05
2025-12-17	BSE_SMALLCAP	72959.31
2025-12-18	BSE_SMALLCAP	72778.14
2025-12-19	BSE_SMALLCAP	73139.87
2025-12-22	BSE_SMALLCAP	72927.04
2025-12-23	BSE_SMALLCAP	73579.58
2025-12-24	BSE_SMALLCAP	73482.28
2025-12-25	BSE_SMALLCAP	71886.73
2025-12-26	BSE_SMALLCAP	70752.27
2025-12-29	BSE_SMALLCAP	70288.68
2025-12-30	BSE_SMALLCAP	71578.16
2025-12-31	BSE_SMALLCAP	70687.19
2026-01-01	BSE_SMALLCAP	71124.08
2026-01-02	BSE_SMALLCAP	71577.2
2026-01-05	BSE_SMALLCAP	70430.49
2026-01-06	BSE_SMALLCAP	70217.76
2026-01-07	BSE_SMALLCAP	70418.66
2026-01-08	BSE_SMALLCAP	70196.48
2026-01-09	BSE_SMALLCAP	70800.69
2026-01-12	BSE_SMALLCAP	71372.41
2026-01-13	BSE_SMALLCAP	71633.28
2026-01-14	BSE_SMALLCAP	72601.95
2026-01-15	BSE_SMALLCAP	72650.1
2026-01-16	BSE_SMALLCAP	72816.28
2026-01-19	BSE_SMALLCAP	73154.3
2026-01-20	BSE_SMALLCAP	72100.73
2026-01-21	BSE_SMALLCAP	72734.74
2026-01-22	BSE_SMALLCAP	72170.7
2026-01-23	BSE_SMALLCAP	72009.36
2026-01-26	BSE_SMALLCAP	72608.98
2026-01-27	BSE_SMALLCAP	73112.16
2026-01-28	BSE_SMALLCAP	71737.63
2026-01-29	BSE_SMALLCAP	70397.83
2026-01-30	BSE_SMALLCAP	69482.28
2026-02-02	BSE_SMALLCAP	69726.09
2026-02-03	BSE_SMALLCAP	71050.88
2026-02-04	BSE_SMALLCAP	70628.63
2026-02-05	BSE_SMALLCAP	69762.84
2026-02-06	BSE_SMALLCAP	68911.97
2026-02-09	BSE_SMALLCAP	69380.27
2026-02-10	BSE_SMALLCAP	70472.14
2026-02-11	BSE_SMALLCAP	71524.24
2026-02-12	BSE_SMALLCAP	70908.98
2026-02-13	BSE_SMALLCAP	69482.99
2026-02-16	BSE_SMALLCAP	69613.38
2026-02-17	BSE_SMALLCAP	71108.54
2026-02-18	BSE_SMALLCAP	71586.54
2026-02-19	BSE_SMALLCAP	70302.44
2026-02-20	BSE_SMALLCAP	70287.18
2026-02-23	BSE_SMALLCAP	69360.06
2026-02-24	BSE_SMALLCAP	69727.68
2026-02-25	BSE_SMALLCAP	69735.98
2026-02-26	BSE_SMALLCAP	69522.59
2026-02-27	BSE_SMALLCAP	68966.76
2026-03-02	BSE_SMALLCAP	69424.7
2026-03-03	BSE_SMALLCAP	70633.48
2026-03-04	BSE_SMALLCAP	72287.04
2026-03-05	BSE_SMALLCAP	72754.29
2026-03-06	BSE_SMALLCAP	74099.67
2026-03-09	BSE_SMALLCAP	73120.68
2026-03-10	BSE_SMALLCAP	72833.76
2026-03-11	BSE_SMALLCAP	71924.06
2026-03-12	BSE_SMALLCAP	71489.87
2026-03-13	BSE_SMALLCAP	70531.17
2026-03-16	BSE_SMALLCAP	72192.84
2026-03-17	BSE_SMALLCAP	71872.15
2026-03-18	BSE_SMALLCAP	71782.69
2026-03-19	BSE_SMALLCAP	70311.39
2026-03-20	BSE_SMALLCAP	68431.22
2026-03-23	BSE_SMALLCAP	70112.32
2026-03-24	BSE_SMALLCAP	69930.39
2026-03-25	BSE_SMALLCAP	72240.96
2026-03-26	BSE_SMALLCAP	72141.98
2026-03-27	BSE_SMALLCAP	70959.65
2026-03-30	BSE_SMALLCAP	71031.71
2026-03-31	BSE_SMALLCAP	71155.43
2026-04-01	BSE_SMALLCAP	71348.05
2026-04-02	BSE_SMALLCAP	71330.28
2026-04-03	BSE_SMALLCAP	69899.51
2026-04-06	BSE_SMALLCAP	68477.32
2026-04-07	BSE_SMALLCAP	69640.27
2026-04-08	BSE_SMALLCAP	71615.98
2026-04-09	BSE_SMALLCAP	71382.29
2026-04-10	BSE_SMALLCAP	69644.93
2026-04-13	BSE_SMALLCAP	70866.93
2026-04-14	BSE_SMALLCAP	70089.25
2026-04-15	BSE_SMALLCAP	70477.97
2026-04-16	BSE_SMALLCAP	70017.76
2026-04-17	BSE_SMALLCAP	69589.51
2026-04-20	BSE_SMALLCAP	68811.19
2026-04-21	BSE_SMALLCAP	70206.26
2026-04-22	BSE_SMALLCAP	70697.91
2026-04-23	BSE_SMALLCAP	71073.65
2026-04-24	BSE_SMALLCAP	71161.83
2026-04-27	BSE_SMALLCAP	71593.75
2026-04-28	BSE_SMALLCAP	70478.28
2026-04-29	BSE_SMALLCAP	71041.47
2026-04-30	BSE_SMALLCAP	72293.74
2026-05-01	BSE_SMALLCAP	72566.07
2026-05-04	BSE_SMALLCAP	73494.88
2026-05-05	BSE_SMALLCAP	73134.17
2026-05-06	BSE_SMALLCAP	73602.81
2026-05-07	BSE_SMALLCAP	73261.24
2026-05-08	BSE_SMALLCAP	71659.04
2026-05-11	BSE_SMALLCAP	71476.92
2026-05-12	BSE_SMALLCAP	72652.8
2026-05-13	BSE_SMALLCAP	71372.79
2026-05-14	BSE_SMALLCAP	73057.74
2026-05-15	BSE_SMALLCAP	72553.23
2026-05-18	BSE_SMALLCAP	73173.39
2026-05-19	BSE_SMALLCAP	74782.71
2026-05-20	BSE_SMALLCAP	76755.97
2026-05-21	BSE_SMALLCAP	78542.05
2026-05-22	BSE_SMALLCAP	77776.16
2026-05-25	BSE_SMALLCAP	79075.39
2026-05-26	BSE_SMALLCAP	78483.7
2026-05-27	BSE_SMALLCAP	77524.06
2026-05-28	BSE_SMALLCAP	76951.24
2026-05-29	BSE_SMALLCAP	78367.62
2022-01-03	NIFTY500	14837.07
2022-01-04	NIFTY500	14743.12
2022-01-05	NIFTY500	14960.53
2022-01-06	NIFTY500	14950.28
2022-01-07	NIFTY500	15044.47
2022-01-10	NIFTY500	14927.83
2022-01-11	NIFTY500	14883.56
2022-01-12	NIFTY500	14864.72
2022-01-13	NIFTY500	14796.69
2022-01-14	NIFTY500	14793.7
2022-01-17	NIFTY500	14685.76
2022-01-18	NIFTY500	14683.54
2022-01-19	NIFTY500	14839.56
2022-01-20	NIFTY500	14629.78
2022-01-21	NIFTY500	14620.34
2022-01-24	NIFTY500	14565.98
2022-01-25	NIFTY500	14499.41
2022-01-26	NIFTY500	14758.9
2022-01-27	NIFTY500	14956.08
2022-01-28	NIFTY500	14899.33
2022-01-31	NIFTY500	14729.9
2022-02-01	NIFTY500	14936.51
2022-02-02	NIFTY500	14997.17
2022-02-03	NIFTY500	14852.83
2022-02-04	NIFTY500	14741.64
2022-02-07	NIFTY500	14762.94
2022-02-08	NIFTY500	15000.94
2022-02-09	NIFTY500	14960.09
2022-02-10	NIFTY500	15027.84
2022-02-11	NIFTY500	14957.42
2022-02-14	NIFTY500	15027.81
2022-02-15	NIFTY500	14820.97
2022-02-16	NIFTY500	14912.37
2022-02-17	NIFTY500	14951.88
2022-02-18	NIFTY500	14851.13
2022-02-21	NIFTY500	14426.04
2022-02-22	NIFTY500	14641.86
2022-02-23	NIFTY500	14426.37
2022-02-24	NIFTY500	14595.33
2022-02-25	NIFTY500	14496.81
2022-02-28	NIFTY500	14553.1
2022-03-01	NIFTY500	14639.75
2022-03-02	NIFTY500	14862.71
2022-03-03	NIFTY500	14728.91
2022-03-04	NIFTY500	14731.39
2022-03-07	NIFTY500	14614.22
2022-03-08	NIFTY500	14487.72
2022-03-09	NIFTY500	14507.13
2022-03-10	NIFTY500	14622.56
2022-03-11	NIFTY500	14954.42
2022-03-14	NIFTY500	14933.13
2022-03-15	NIFTY500	14931.6
2022-03-16	NIFTY500	14938.63
2022-03-17	NIFTY500	14967.91
2022-03-18	NIFTY500	15008.92
2022-03-21	NIFTY500	14864.44
2022-03-22	NIFTY500	14515.22
2022-03-23	NIFTY500	14488.18
2022-03-24	NIFTY500	14748.49
2022-03-25	NIFTY500	14765.56
2022-03-28	NIFTY500	14755.9
2022-03-29	NIFTY500	14760.65
2022-03-30	NIFTY500	14677.52
2022-03-31	NIFTY500	14672.22
2022-04-01	NIFTY500	14685.66
2022-04-04	NIFTY500	14698.42
2022-04-05	NIFTY500	14720.48
2022-04-06	NIFTY500	14741.43
2022-04-07	NIFTY500	14740.96
2022-04-08	NIFTY500	14897.02
2022-04-11	NIFTY500	15155.8
2022-04-12	NIFTY500	14939.38
2022-04-13	NIFTY500	14873.99
2022-04-14	NIFTY500	14593.31
2022-04-15	NIFTY500	14665.12
2022-04-18	NIFTY500	14834.94
2022-04-19	NIFTY500	14857.19
2022-04-20	NIFTY500	14880.87
2022-04-21	NIFTY500	14813.05
2022-04-22	NIFTY500	14845.28
2022-04-25	NIFTY500	14843.13
2022-04-26	NIFTY500	14993.45
2022-04-27	NIFTY500	15273.51
2022-04-28	NIFTY500	15492.74
2022-04-29	NIFTY500	15813.62
2022-05-02	NIFTY500	15913.28
2022-05-03	NIFTY500	15968.93
2022-05-04	NIFTY500	15974.96
2022-05-05	NIFTY500	16035.72
2022-05-06	NIFTY500	16091.93
2022-05-09	NIFTY500	16289.39
2022-05-10	NIFTY500	16272.32
2022-05-11	NIFTY500	16131.16
2022-05-12	NIFTY500	16135.18
2022-05-13	NIFTY500	16012.6
2022-05-16	NIFTY500	15990.6
2022-05-17	NIFTY500	15757.37
2022-05-18	NIFTY500	15770.54
2022-05-19	NIFTY500	15656.39
2022-05-20	NIFTY500	15767.79
2022-05-23	NIFTY500	15723.39
2022-05-24	NIFTY500	15467.99
2022-05-25	NIFTY500	15420.59
2022-05-26	NIFTY500	15417.19
2022-05-27	NIFTY500	15470.45
2022-05-30	NIFTY500	15551.09
2022-05-31	NIFTY500	15448.9
2022-06-01	NIFTY500	15353.4
2022-06-02	NIFTY500	15357.4
2022-06-03	NIFTY500	15406.57
2022-06-06	NIFTY500	15478.93
2022-06-07	NIFTY500	15617.4
2022-06-08	NIFTY500	15396.18
2022-06-09	NIFTY500	15536.5
2022-06-10	NIFTY500	15657.16
2022-06-13	NIFTY500	15783.13
2022-06-14	NIFTY500	15760.34
2022-06-15	NIFTY500	15803.94
2022-06-16	NIFTY500	15880.96
2022-06-17	NIFTY500	15863.33
2022-06-20	NIFTY500	16005.25
2022-06-21	NIFTY500	15847.51
2022-06-22	NIFTY500	15956.65
2022-06-23	NIFTY500	16034.68
2022-06-24	NIFTY500	16259.39
2022-06-27	NIFTY500	16548.29
2022-06-28	NIFTY500	16528.86
2022-06-29	NIFTY500	16763.24
2022-06-30	NIFTY500	16816.83
2022-07-01	NIFTY500	16874.78
2022-07-04	NIFTY500	16942.46
2022-07-05	NIFTY500	16752.29
2022-07-06	NIFTY500	16929.59
2022-07-07	NIFTY500	16732.28
2022-07-08	NIFTY500	16815.54
2022-07-11	NIFTY500	16456.51
2022-07-12	NIFTY500	16433.52
2022-07-13	NIFTY500	16440.49
2022-07-14	NIFTY500	16541.97
2022-07-15	NIFTY500	16763.63
2022-07-18	NIFTY500	16761.12
2022-07-19	NIFTY500	16586.45
2022-07-20	NIFTY500	16529.57
2022-07-21	NIFTY500	16572.6
2022-07-22	NIFTY500	16603.78
2022-07-25	NIFTY500	16359.5
2022-07-26	NIFTY500	16294.14
2022-07-27	NIFTY500	16226.06
2022-07-28	NIFTY500	16204.74
2022-07-29	NIFTY500	16299.17
2022-08-01	NIFTY500	16194.52
2022-08-02	NIFTY500	16356.03
2022-08-03	NIFTY500	16471.43
2022-08-04	NIFTY500	16178.71
2022-08-05	NIFTY500	16127.51
2022-08-08	NIFTY500	16166.03
2022-08-09	NIFTY500	16391.31
2022-08-10	NIFTY500	16227.32
2022-08-11	NIFTY500	15990.67
2022-08-12	NIFTY500	16030.48
2022-08-15	NIFTY500	15896.93
2022-08-16	NIFTY500	15894.87
2022-08-17	NIFTY500	15801.12
2022-08-18	NIFTY500	15938.19
2022-08-19	NIFTY500	16051.23
2022-08-22	NIFTY500	15973.85
2022-08-23	NIFTY500	16196.48
2022-08-24	NIFTY500	16213.93
2022-08-25	NIFTY500	16269.66
2022-08-26	NIFTY500	16183.26
2022-08-29	NIFTY500	16086.73
2022-08-30	NIFTY500	16314.13
2022-08-31	NIFTY500	16339.25
2022-09-01	NIFTY500	16380.47
2022-09-02	NIFTY500	16315.16
2022-09-05	NIFTY500	16362.9
2022-09-06	NIFTY500	16373.92
2022-09-07	NIFTY500	16379.76
2022-09-08	NIFTY500	16628.53
2022-09-09	NIFTY500	16656.74
2022-09-12	NIFTY500	16499.78
2022-09-13	NIFTY500	16580.99
2022-09-14	NIFTY500	16535.78
2022-09-15	NIFTY500	16397.03
2022-09-16	NIFTY500	16302.38
2022-09-19	NIFTY500	16468.3
2022-09-20	NIFTY500	16328.12
2022-09-21	NIFTY500	16196.29
2022-09-22	NIFTY500	16213.63
2022-09-23	NIFTY500	16175.11
2022-09-26	NIFTY500	16044.12
2022-09-27	NIFTY500	16183.15
2022-09-28	NIFTY500	16131.32
2022-09-29	NIFTY500	15956.36
2022-09-30	NIFTY500	16006.7
2022-10-03	NIFTY500	16130.41
2022-10-04	NIFTY500	16205.81
2022-10-05	NIFTY500	16308.57
2022-10-06	NIFTY500	16409.58
2022-10-07	NIFTY500	16379.36
2022-10-10	NIFTY500	16320.89
2022-10-11	NIFTY500	16232.88
2022-10-12	NIFTY500	16240.27
2022-10-13	NIFTY500	16015.92
2022-10-14	NIFTY500	15861.79
2022-10-17	NIFTY500	16057.01
2022-10-18	NIFTY500	16192.86
2022-10-19	NIFTY500	16223.38
2022-10-20	NIFTY500	16451.92
2022-10-21	NIFTY500	16516.01
2022-10-24	NIFTY500	16528.55
2022-10-25	NIFTY500	16340.77
2022-10-26	NIFTY500	16309.24
2022-10-27	NIFTY500	16459.19
2022-10-28	NIFTY500	16549.27
2022-10-31	NIFTY500	16846.12
2022-11-01	NIFTY500	16858.39
2022-11-02	NIFTY500	16490.64
2022-11-03	NIFTY500	16555.25
2022-11-04	NIFTY500	16209.9
2022-11-07	NIFTY500	16149.92
2022-11-08	NIFTY500	16286.04
2022-11-09	NIFTY500	16538.23
2022-11-10	NIFTY500	16396.46
2022-11-11	NIFTY500	16462.71
2022-11-14	NIFTY500	16701.69
2022-11-15	NIFTY500	16724.5
2022-11-16	NIFTY500	16642.49
2022-11-17	NIFTY500	16924.52
2022-11-18	NIFTY500	17082.03
2022-11-21	NIFTY500	17100.9
2022-11-22	NIFTY500	16880.59
2022-11-23	NIFTY500	16836.31
2022-11-24	NIFTY500	16736.88
2022-11-25	NIFTY500	16493.73
2022-11-28	NIFTY500	16699.79
2022-11-29	NIFTY500	16793.07
2022-11-30	NIFTY500	16696.88
2022-12-01	NIFTY500	16619.52
2022-12-02	NIFTY500	16561.02
2022-12-05	NIFTY500	16424.31
2022-12-06	NIFTY500	16850.65
2022-12-07	NIFTY500	16753.23
2022-12-08	NIFTY500	16714.32
2022-12-09	NIFTY500	16621.81
2022-12-12	NIFTY500	16369.57
2022-12-13	NIFTY500	16200.95
2022-12-14	NIFTY500	16361.52
2022-12-15	NIFTY500	16322.97
2022-12-16	NIFTY500	16391.22
2022-12-19	NIFTY500	16465.89
2022-12-20	NIFTY500	16541.27
2022-12-21	NIFTY500	16448.86
2022-12-22	NIFTY500	16704.39
2022-12-23	NIFTY500	16849.34
2022-12-26	NIFTY500	16928.98
2022-12-27	NIFTY500	16975.26
2022-12-28	NIFTY500	16778.95
2022-12-29	NIFTY500	16910.86
2022-12-30	NIFTY500	16899.9
2023-01-02	NIFTY500	16788.23
2023-01-03	NIFTY500	16646.31
2023-01-04	NIFTY500	16799.84
2023-01-05	NIFTY500	16602.76
2023-01-06	NIFTY500	16552.93
2023-01-09	NIFTY500	16584.85
2023-01-10	NIFTY500	16571.78
2023-01-11	NIFTY500	16641.34
2023-01-12	NIFTY500	16823.31
2023-01-13	NIFTY500	16924.08
2023-01-16	NIFTY500	16942.47
2023-01-17	NIFTY500	16884.62
2023-01-18	NIFTY500	16681.11
2023-01-19	NIFTY500	16680.27
2023-01-20	NIFTY500	16633.82
2023-01-23	NIFTY500	16720.1
2023-01-24	NIFTY500	16708.67
2023-01-25	NIFTY500	16871.27
2023-01-26	NIFTY500	16814.56
2023-01-27	NIFTY500	16740.43
2023-01-30	NIFTY500	16811.65
2023-01-31	NIFTY500	16836.28
2023-02-01	NIFTY500	16901.49
2023-02-02	NIFTY500	16890.57
2023-02-03	NIFTY500	16903.17
2023-02-06	NIFTY500	16867.74
2023-02-07	NIFTY500	16896.23
2023-02-08	NIFTY500	17090.27
2023-02-09	NIFTY500	17022.48
2023-02-10	NIFTY500	16940.47
2023-02-13	NIFTY500	16997.05
2023-02-14	NIFTY500	16978.05
2023-02-15	NIFTY500	17199.75
2023-02-16	NIFTY500	17315.15
2023-02-17	NIFTY500	17455.25
2023-02-20	NIFTY500	17610.46
2023-02-21	NIFTY500	17517.84
2023-02-22	NIFTY500	17544.3
2023-02-23	NIFTY500	17658.52
2023-02-24	NIFTY500	17668.35
2023-02-27	NIFTY500	17538.18
2023-02-28	NIFTY500	17691.49
2023-03-01	NIFTY500	17673.39
2023-03-02	NIFTY500	17729.7
2023-03-03	NIFTY500	17830.18
2023-03-06	NIFTY500	18078.96
2023-03-07	NIFTY500	18120.89
2023-03-08	NIFTY500	17810.73
2023-03-09	NIFTY500	17848.58
2023-03-10	NIFTY500	17902.15
2023-03-13	NIFTY500	17649.8
2023-03-14	NIFTY500	17889.73
2023-03-15	NIFTY500	17485.85
2023-03-16	NIFTY500	17584.52
2023-03-17	NIFTY500	17357.64
2023-03-20	NIFTY500	17531.06
2023-03-21	NIFTY500	17627.64
2023-03-22	NIFTY500	17867.64
2023-03-23	NIFTY500	17958.75
2023-03-24	NIFTY500	18024.23
2023-03-27	NIFTY500	17981.49
2023-03-28	NIFTY500	17717.55
2023-03-29	NIFTY500	18070.87
2023-03-30	NIFTY500	18003.17
2023-03-31	NIFTY500	18066.17
2023-04-03	NIFTY500	17944.73
2023-04-04	NIFTY500	17784.89
2023-04-05	NIFTY500	17803.41
2023-04-06	NIFTY500	17878.09
2023-04-07	NIFTY500	18166.72
2023-04-10	NIFTY500	18338.07
2023-04-11	NIFTY500	18393.09
2023-04-12	NIFTY500	18392.84
2023-04-13	NIFTY500	18458.35
2023-04-14	NIFTY500	18425.35
2023-04-17	NIFTY500	18477.02
2023-04-18	NIFTY500	18357.27
2023-04-19	NIFTY500	18277.22
2023-04-20	NIFTY500	18278.36
2023-04-21	NIFTY500	18340.05
2023-04-24	NIFTY500	18330.34
2023-04-25	NIFTY500	18371.06
2023-04-26	NIFTY500	18233.23
2023-04-27	NIFTY500	18050.43
2023-04-28	NIFTY500	18051.79
2023-05-01	NIFTY500	17794.45
2023-05-02	NIFTY500	17939.17
2023-05-03	NIFTY500	17732.14
2023-05-04	NIFTY500	17680.27
2023-05-05	NIFTY500	17768.06
2023-05-08	NIFTY500	17921.4
2023-05-09	NIFTY500	18032.47
2023-05-10	NIFTY500	18119.14
2023-05-11	NIFTY500	18544.46
2023-05-12	NIFTY500	18382.47
2023-05-15	NIFTY500	18442.89
2023-05-16	NIFTY500	18555.7
2023-05-17	NIFTY500	18623.76
2023-05-18	NIFTY500	18557.21
2023-05-19	NIFTY500	18656.24
2023-05-22	NIFTY500	18744.23
2023-05-23	NIFTY500	18960.84
2023-05-24	NIFTY500	19049.97
2023-05-25	NIFTY500	18743.08
2023-05-26	NIFTY500	18883.72
2023-05-29	NIFTY500	18826.7
2023-05-30	NIFTY500	18804.84
2023-05-31	NIFTY500	18625.78
2023-06-01	NIFTY500	18657.82
2023-06-02	NIFTY500	18995.28
2023-06-05	NIFTY500	19184.76
2023-06-06	NIFTY500	18995.14
2023-06-07	NIFTY500	18971.5
2023-06-08	NIFTY500	19150.9
2023-06-09	NIFTY500	19130.51
2023-06-12	NIFTY500	18797.92
2023-06-13	NIFTY500	18717.26
2023-06-14	NIFTY500	18956.31
2023-06-15	NIFTY500	19219.86
2023-06-16	NIFTY500	19199.84
2023-06-19	NIFTY500	19163.3
2023-06-20	NIFTY500	18789.13
2023-06-21	NIFTY500	18782.91
2023-06-22	NIFTY500	18698.21
2023-06-23	NIFTY500	18398.04
2023-06-26	NIFTY500	18253.41
2023-06-27	NIFTY500	18052.96
2023-06-28	NIFTY500	18071.51
2023-06-29	NIFTY500	18329.83
2023-06-30	NIFTY500	18314.63
2023-07-03	NIFTY500	18366.38
2023-07-04	NIFTY500	18779.31
2023-07-05	NIFTY500	18475.99
2023-07-06	NIFTY500	18516.81
2023-07-07	NIFTY500	18714.29
2023-07-10	NIFTY500	18775.65
2023-07-11	NIFTY500	18517.78
2023-07-12	NIFTY500	18845.17
2023-07-13	NIFTY500	18994.93
2023-07-14	NIFTY500	19049.8
2023-07-17	NIFTY500	18828.77
2023-07-18	NIFTY500	19223.01
2023-07-19	NIFTY500	19332.71
2023-07-20	NIFTY500	19418.9
2023-07-21	NIFTY500	19529.52
2023-07-24	NIFTY500	19705.39
2023-07-25	NIFTY500	19735.41
2023-07-26	NIFTY500	19725.06
2023-07-27	NIFTY500	19348.82
2023-07-28	NIFTY500	19225.23
2023-07-31	NIFTY500	19574.09
2023-08-01	NIFTY500	19441.28
2023-08-02	NIFTY500	19400.44
2023-08-03	NIFTY500	19214.1
2023-08-04	NIFTY500	19310.62
2023-08-07	NIFTY500	19277.01
2023-08-08	NIFTY500	19237.46
2023-08-09	NIFTY500	19111.96
2023-08-10	NIFTY500	19192.32
2023-08-11	NIFTY500	19453.1
2023-08-14	NIFTY500	19174.79
2023-08-15	NIFTY500	19133.4
2023-08-16	NIFTY500	19115.91
2023-08-17	NIFTY500	18997.39
2023-08-18	NIFTY500	19202.08
2023-08-21	NIFTY500	19411.13
2023-08-22	NIFTY500	19460.5
2023-08-23	NIFTY500	19354.35
2023-08-24	NIFTY500	19561.35
2023-08-25	NIFTY500	19520.59
2023-08-28	NIFTY500	19699.94
2023-08-29	NIFTY500	20139.37
2023-08-30	NIFTY500	20149.85
2023-08-31	NIFTY500	20188.38
2023-09-01	NIFTY500	20074.82
2023-09-04	NIFTY500	20266.46
2023-09-05	NIFTY500	20314.72
2023-09-06	NIFTY500	20101.03
2023-09-07	NIFTY500	19985.2
2023-09-08	NIFTY500	20343.87
2023-09-11	NIFTY500	20310.34
2023-09-12	NIFTY500	20125.34
2023-09-13	NIFTY500	20169.05
2023-09-14	NIFTY500	20085.16
2023-09-15	NIFTY500	20062.73
2023-09-18	NIFTY500	20169.13
2023-09-19	NIFTY500	20239.83
2023-09-20	NIFTY500	20256.4
2023-09-21	NIFTY500	20157.58
2023-09-22	NIFTY500	19853.72
2023-09-25	NIFTY500	20203.32
2023-09-26	NIFTY500	20548.19
2023-09-27	NIFTY500	20563.17
2023-09-28	NIFTY500	20725.79
2023-09-29	NIFTY500	20730.56
2023-10-02	NIFTY500	20600.47
2023-10-03	NIFTY500	20624.5
2023-10-04	NIFTY500	20660.8
2023-10-05	NIFTY500	20944.78
2023-10-06	NIFTY500	20973.16
2023-10-09	NIFTY500	21301.83
2023-10-10	NIFTY500	21282.62
2023-10-11	NIFTY500	21187.4
2023-10-12	NIFTY500	21478.63
2023-10-13	NIFTY500	21755.67
2023-10-16	NIFTY500	21781.67
2023-10-17	NIFTY500	21858.8
2023-10-18	NIFTY500	21925.17
2023-10-19	NIFTY500	21977.41
2023-10-20	NIFTY500	21916.81
2023-10-23	NIFTY500	22396.41
2023-10-24	NIFTY500	22329.07
2023-10-25	NIFTY500	22450.41
2023-10-26	NIFTY500	22499.74
2023-10-27	NIFTY500	22016.98
2023-10-30	NIFTY500	22051.24
2023-10-31	NIFTY500	22007.92
2023-11-01	NIFTY500	21911.46
2023-11-02	NIFTY500	21722.83
2023-11-03	NIFTY500	22082.36
2023-11-06	NIFTY500	21877.96
2023-11-07	NIFTY500	21852.33
2023-11-08	NIFTY500	21763.07
2023-11-09	NIFTY500	21572.17
2023-11-10	NIFTY500	21729.89
2023-11-13	NIFTY500	21826.56
2023-11-14	NIFTY500	21742.13
2023-11-15	NIFTY500	21577.5
2023-11-16	NIFTY500	21688.63
2023-11-17	NIFTY500	21783.41
2023-11-20	NIFTY500	21766.76
2023-11-21	NIFTY500	22055.7
2023-11-22	NIFTY500	22374.86
2023-11-23	NIFTY500	22286.27
2023-11-24	NIFTY500	22712.24
2023-11-27	NIFTY500	22668.86
2023-11-28	NIFTY500	22628.15
2023-11-29	NIFTY500	22782.65
2023-11-30	NIFTY500	22864.44
2023-12-01	NIFTY500	22882.82
2023-12-04	NIFTY500	22511.19
2023-12-05	NIFTY500	22208
2023-12-06	NIFTY500	21969.29
2023-12-07	NIFTY500	21982.67
2023-12-08	NIFTY500	21893.71
2023-12-11	NIFTY500	21832.19
2023-12-12	NIFTY500	21786.47
2023-12-13	NIFTY500	21986.45
2023-12-14	NIFTY500	22148.47
2023-12-15	NIFTY500	22078.77
2023-12-18	NIFTY500	22030.93
2023-12-19	NIFTY500	21875.14
2023-12-20	NIFTY500	21821.61
2023-12-21	NIFTY500	22084.5
2023-12-22	NIFTY500	22275.7
2023-12-25	NIFTY500	22362.63
2023-12-26	NIFTY500	22163.48
2023-12-27	NIFTY500	22164.57
2023-12-28	NIFTY500	22100.9
2023-12-29	NIFTY500	22082.34
2024-01-01	NIFTY500	22248.26
2024-01-02	NIFTY500	22472.32
2024-01-03	NIFTY500	22974.3
2024-01-04	NIFTY500	22804.87
2024-01-05	NIFTY500	23065.54
2024-01-08	NIFTY500	23049.65
2024-01-09	NIFTY500	22916.8
2024-01-10	NIFTY500	23372.32
2024-01-11	NIFTY500	23750.47
2024-01-12	NIFTY500	23703.9
2024-01-15	NIFTY500	23565.5
2024-01-16	NIFTY500	23214.6
2024-01-17	NIFTY500	23484.97
2024-01-18	NIFTY500	23076.75
2024-01-19	NIFTY500	23059.05
2024-01-22	NIFTY500	22889.87
2024-01-23	NIFTY500	23184.94
2024-01-24	NIFTY500	23577.38
2024-01-25	NIFTY500	23237.71
2024-01-26	NIFTY500	23266.43
2024-01-29	NIFTY500	23333.91
2024-01-30	NIFTY500	23286.71
2024-01-31	NIFTY500	23167.34
2024-02-01	NIFTY500	23501.33
2024-02-02	NIFTY500	23405.26
2024-02-05	NIFTY500	23830.38
2024-02-06	NIFTY500	23703.89
2024-02-07	NIFTY500	23878.12
2024-02-08	NIFTY500	24067.09
2024-02-09	NIFTY500	23939.14
2024-02-12	NIFTY500	23578.8
2024-02-13	NIFTY500	23412.88
2024-02-14	NIFTY500	23182.57
2024-02-15	NIFTY500	23363.69
2024-02-16	NIFTY500	23297.7
2024-02-19	NIFTY500	23593.9
2024-02-20	NIFTY500	23725.63
2024-02-21	NIFTY500	23697.62
2024-02-22	NIFTY500	23727.37
2024-02-23	NIFTY500	23463.38
2024-02-26	NIFTY500	23435.29
2024-02-27	NIFTY500	23477.08
2024-02-28	NIFTY500	23409.72
2024-02-29	NIFTY500	23305.84
2024-03-01	NIFTY500	23525.56
2024-03-04	NIFTY500	23342.71
2024-03-05	NIFTY500	23475.51
2024-03-06	NIFTY500	23716.62
2024-03-07	NIFTY500	23832.62
2024-03-08	NIFTY500	23593.02
2024-03-11	NIFTY500	23628.96
2024-03-12	NIFTY500	23828.17
2024-03-13	NIFTY500	23779.83
2024-03-14	NIFTY500	23613.68
2024-03-15	NIFTY500	23441.46
2024-03-18	NIFTY500	23520.23
2024-03-19	NIFTY500	23463.48
2024-03-20	NIFTY500	23347.97
2024-03-21	NIFTY500	22931.61
2024-03-22	NIFTY500	23311.25
2024-03-25	NIFTY500	23258.72
2024-03-26	NIFTY500	23438.39
2024-03-27	NIFTY500	23728.92
2024-03-28	NIFTY500	24465.05
2024-03-29	NIFTY500	24625.32
2024-04-01	NIFTY500	24710.96
2024-04-02	NIFTY500	24388.09
2024-04-03	NIFTY500	23968.38
2024-04-04	NIFTY500	23481.21
2024-04-05	NIFTY500	23458.27
2024-04-08	NIFTY500	23264.7
2024-04-09	NIFTY500	23177.23
2024-04-10	NIFTY500	23485.02
2024-04-11	NIFTY500	23604.47
2024-04-12	NIFTY500	23613.77
2024-04-15	NIFTY500	23666.75
2024-04-16	NIFTY500	23533.93
2024-04-17	NIFTY500	23446.85
2024-04-18	NIFTY500	23174.56
2024-04-19	NIFTY500	23346.03
2024-04-22	NIFTY500	23725.7
2024-04-23	NIFTY500	24024.7
2024-04-24	NIFTY500	24042.36
2024-04-25	NIFTY500	24258.6
2024-04-26	NIFTY500	24387.88
2024-04-29	NIFTY500	24437.67
2024-04-30	NIFTY500	24526.31
2024-05-01	NIFTY500	24255.33
2024-05-02	NIFTY500	24165.31
2024-05-03	NIFTY500	24032.75
2024-05-06	NIFTY500	23726.66
2024-05-07	NIFTY500	23859.98
2024-05-08	NIFTY500	24020.62
2024-05-09	NIFTY500	23501.77
2024-05-10	NIFTY500	23510.84
2024-05-13	NIFTY500	23452.74
2024-05-14	NIFTY500	23335.98
2024-05-15	NIFTY500	23011.19
2024-05-16	NIFTY500	23035.4
2024-05-17	NIFTY500	23051.09
2024-05-20	NIFTY500	22986.43
2024-05-21	NIFTY500	23162.88
2024-05-22	NIFTY500	23331.69
2024-05-23	NIFTY500	22963.31
2024-05-24	NIFTY500	23130.23
2024-05-27	NIFTY500	22947.9
2024-05-28	NIFTY500	22904.57
2024-05-29	NIFTY500	23251.95
2024-05-30	NIFTY500	23255.08
2024-05-31	NIFTY500	23478.88
2024-06-03	NIFTY500	23438.49
2024-06-04	NIFTY500	23645.04
2024-06-05	NIFTY500	23645.91
2024-06-06	NIFTY500	23602.06
2024-06-07	NIFTY500	23639.83
2024-06-10	NIFTY500	23419.81
2024-06-11	NIFTY500	23325.61
2024-06-12	NIFTY500	23463.75
2024-06-13	NIFTY500	23650
2024-06-14	NIFTY500	23472.75
2024-06-17	NIFTY500	23844.44
2024-06-18	NIFTY500	24240.12
2024-06-19	NIFTY500	24055.68
2024-06-20	NIFTY500	23971.49
2024-06-21	NIFTY500	23977.41
2024-06-24	NIFTY500	24248.12
2024-06-25	NIFTY500	24383.55
2024-06-26	NIFTY500	24330.34
2024-06-27	NIFTY500	24073.11
2024-06-28	NIFTY500	23673.46
2024-07-01	NIFTY500	23745.46
2024-07-02	NIFTY500	24142.21
2024-07-03	NIFTY500	24155.47
2024-07-04	NIFTY500	24256.59
2024-07-05	NIFTY500	24314.28
2024-07-08	NIFTY500	23977.75
2024-07-09	NIFTY500	24324.87
2024-07-10	NIFTY500	24168.88
2024-07-11	NIFTY500	24011.37
2024-07-12	NIFTY500	24122.79
2024-07-15	NIFTY500	23982.81
2024-07-16	NIFTY500	23720.95
2024-07-17	NIFTY500	23936.64
2024-07-18	NIFTY500	23976.03
2024-07-19	NIFTY500	24192.22
2024-07-22	NIFTY500	24126.28
2024-07-23	NIFTY500	24042.12
2024-07-24	NIFTY500	24108.17
2024-07-25	NIFTY500	24195.5
2024-07-26	NIFTY500	24071.29
2024-07-29	NIFTY500	23922.51
2024-07-30	NIFTY500	24127.03
2024-07-31	NIFTY500	24210.66
2024-08-01	NIFTY500	24281.92
2024-08-02	NIFTY500	23874.95
2024-08-05	NIFTY500	23941.69
2024-08-06	NIFTY500	24032.79
2024-08-07	NIFTY500	23977.43
2024-08-08	NIFTY500	24109.54
2024-08-09	NIFTY500	23975.05
2024-08-12	NIFTY500	24060.03
2024-08-13	NIFTY500	23750.83
2024-08-14	NIFTY500	23953.37
2024-08-15	NIFTY500	23803.08
2024-08-16	NIFTY500	23906.78
2024-08-19	NIFTY500	24182.83
2024-08-20	NIFTY500	24406.89
2024-08-21	NIFTY500	24512.37
2024-08-22	NIFTY500	24703.44
2024-08-23	NIFTY500	25044.06
2024-08-26	NIFTY500	25083.57
2024-08-27	NIFTY500	25312.18
2024-08-28	NIFTY500	25063.38
2024-08-29	NIFTY500	24917.35
2024-08-30	NIFTY500	25263.67
2024-09-02	NIFTY500	25221.47
2024-09-03	NIFTY500	25118.02
2024-09-04	NIFTY500	25067.76
2024-09-05	NIFTY500	24923.71
2024-09-06	NIFTY500	24899.11
2024-09-09	NIFTY500	24682.56
2024-09-10	NIFTY500	24571.86
2024-09-11	NIFTY500	24601.59
2024-09-12	NIFTY500	24958
2024-09-13	NIFTY500	24961.05
2024-09-16	NIFTY500	24596.8
2024-09-17	NIFTY500	24828.81
2024-09-18	NIFTY500	25018.79
2024-09-19	NIFTY500	24857
2024-09-20	NIFTY500	25043.56
2024-09-23	NIFTY500	25027.43
2024-09-24	NIFTY500	25361.33
2024-09-25	NIFTY500	25914.42
2024-09-26	NIFTY500	26019.04
2024-09-27	NIFTY500	26209.35
2024-09-30	NIFTY500	26596.2
2024-10-01	NIFTY500	26836.51
2024-10-02	NIFTY500	26958.29
2024-10-03	NIFTY500	26946.23
2024-10-04	NIFTY500	26691.79
2024-10-07	NIFTY500	26640.36
2024-10-08	NIFTY500	26598.69
2024-10-09	NIFTY500	26617.47
2024-10-10	NIFTY500	26204.2
2024-10-11	NIFTY500	26134.54
2024-10-14	NIFTY500	26088.37
2024-10-15	NIFTY500	25783.18
2024-10-16	NIFTY500	25889.05
2024-10-17	NIFTY500	26114.95
2024-10-18	NIFTY500	26127.48
2024-10-21	NIFTY500	25856.25
2024-10-22	NIFTY500	25846.05
2024-10-23	NIFTY500	26027.18
2024-10-24	NIFTY500	26201.53
2024-10-25	NIFTY500	26204.27
2024-10-28	NIFTY500	26312.74
2024-10-29	NIFTY500	26179.28
2024-10-30	NIFTY500	26365.46
2024-10-31	NIFTY500	26284.09
2024-11-01	NIFTY500	26120.99
2024-11-04	NIFTY500	26354.8
2024-11-05	NIFTY500	26399.43
2024-11-06	NIFTY500	26432.22
2024-11-07	NIFTY500	26570.64
2024-11-08	NIFTY500	26568.5
2024-11-11	NIFTY500	26364.64
2024-11-12	NIFTY500	26326.02
2024-11-13	NIFTY500	25995.86
2024-11-14	NIFTY500	26279.61
2024-11-15	NIFTY500	26037.24
2024-11-18	NIFTY500	26501.05
2024-11-19	NIFTY500	26330.86
2024-11-20	NIFTY500	26488.04
2024-11-21	NIFTY500	26944.27
2024-11-22	NIFTY500	27020.38
2024-11-25	NIFTY500	26957.63
2024-11-26	NIFTY500	26979.24
2024-11-27	NIFTY500	26787.95
2024-11-28	NIFTY500	26327.15
2024-11-29	NIFTY500	26479.58
2024-12-02	NIFTY500	26024.02
2024-12-03	NIFTY500	25725.11
2024-12-04	NIFTY500	25751.46
2024-12-05	NIFTY500	25615.27
2024-12-06	NIFTY500	25739.62
2024-12-09	NIFTY500	26118.64
2024-12-10	NIFTY500	26073.19
2024-12-11	NIFTY500	25947.15
2024-12-12	NIFTY500	26368.59
2024-12-13	NIFTY500	26541.71
2024-12-16	NIFTY500	26772.66
2024-12-17	NIFTY500	26986.74
2024-12-18	NIFTY500	26942.01
2024-12-19	NIFTY500	26866.71
2024-12-20	NIFTY500	26656.09
2024-12-23	NIFTY500	26841.32
2024-12-24	NIFTY500	26946.6
2024-12-25	NIFTY500	27114.54
2024-12-26	NIFTY500	26684.48
2024-12-27	NIFTY500	26918.31
2024-12-30	NIFTY500	26823.28
2024-12-31	NIFTY500	26344.73
2025-01-01	NIFTY500	26058.06
2025-01-02	NIFTY500	25956.52
2025-01-03	NIFTY500	25806.28
2025-01-06	NIFTY500	25822.49
2025-01-07	NIFTY500	25940.51
2025-01-08	NIFTY500	25927.71
2025-01-09	NIFTY500	25833.22
2025-01-10	NIFTY500	25878.91
2025-01-13	NIFTY500	25927.87
2025-01-14	NIFTY500	26233.15
2025-01-15	NIFTY500	26105.68
2025-01-16	NIFTY500	26093.57
2025-01-17	NIFTY500	26489.21
2025-01-20	NIFTY500	26219.37
2025-01-21	NIFTY500	26148.59
2025-01-22	NIFTY500	25951.95
2025-01-23	NIFTY500	25679.74
2025-01-24	NIFTY500	25744.08
2025-01-27	NIFTY500	26061.36
2025-01-28	NIFTY500	26561.68
2025-01-29	NIFTY500	26565.52
2025-01-30	NIFTY500	26697.83
2025-01-31	NIFTY500	26839.46
2025-02-03	NIFTY500	26804.56
2025-02-04	NIFTY500	27122.99
2025-02-05	NIFTY500	27097.65
2025-02-06	NIFTY500	27372.52
2025-02-07	NIFTY500	27300.66
2025-02-10	NIFTY500	27038.39
2025-02-11	NIFTY500	26793.34
2025-02-12	NIFTY500	26427.25
2025-02-13	NIFTY500	26737.16
2025-02-14	NIFTY500	27053.97
2025-02-17	NIFTY500	26897.95
2025-02-18	NIFTY500	26659.64
2025-02-19	NIFTY500	26491.39
2025-02-20	NIFTY500	26546.7
2025-02-21	NIFTY500	26342.08
2025-02-24	NIFTY500	26483.79
2025-02-25	NIFTY500	26426.49
2025-02-26	NIFTY500	26694.04
2025-02-27	NIFTY500	26867.15
2025-02-28	NIFTY500	26616.33
2025-03-03	NIFTY500	26335.65
2025-03-04	NIFTY500	26397.53
2025-03-05	NIFTY500	26368.82
2025-03-06	NIFTY500	26680.53
2025-03-07	NIFTY500	26786.23
2025-03-10	NIFTY500	26692.08
2025-03-11	NIFTY500	27104.84
2025-03-12	NIFTY500	27016.48
2025-03-13	NIFTY500	26713.2
2025-03-14	NIFTY500	26678.52
2025-03-17	NIFTY500	26503.29
2025-03-18	NIFTY500	26748.86
2025-03-19	NIFTY500	26497.45
2025-03-20	NIFTY500	26710.38
2025-03-21	NIFTY500	26662.84
2025-03-24	NIFTY500	26306.34
2025-03-25	NIFTY500	26419.06
2025-03-26	NIFTY500	26710.74
2025-03-27	NIFTY500	26748.69
2025-03-28	NIFTY500	26717.5
2025-03-31	NIFTY500	27173.08
2025-04-01	NIFTY500	27476.34
2025-04-02	NIFTY500	27678.13
2025-04-03	NIFTY500	27205.67
2025-04-04	NIFTY500	27052.7
2025-04-07	NIFTY500	27015.71
2025-04-08	NIFTY500	27140.28
2025-04-09	NIFTY500	27369.71
2025-04-10	NIFTY500	27133.46
2025-04-11	NIFTY500	27286.56
2025-04-14	NIFTY500	27021.71
2025-04-15	NIFTY500	27205.69
2025-04-16	NIFTY500	26956.24
2025-04-17	NIFTY500	27267.31
2025-04-18	NIFTY500	27342.64
2025-04-21	NIFTY500	27264.24
2025-04-22	NIFTY500	27351.45
2025-04-23	NIFTY500	27208.05
2025-04-24	NIFTY500	27227.52
2025-04-25	NIFTY500	27002.82
2025-04-28	NIFTY500	27087.54
2025-04-29	NIFTY500	27041.23
2025-04-30	NIFTY500	27005.98
2025-05-01	NIFTY500	27009.92
2025-05-02	NIFTY500	26812.7
2025-05-05	NIFTY500	27322.68
2025-05-06	NIFTY500	27287.59
2025-05-07	NIFTY500	27567.51
2025-05-08	NIFTY500	27299.92
2025-05-09	NIFTY500	26776.39
2025-05-12	NIFTY500	26851.04
2025-05-13	NIFTY500	27118.65
2025-05-14	NIFTY500	27424.98
2025-05-15	NIFTY500	27666.01
2025-05-16	NIFTY500	27628.78
2025-05-19	NIFTY500	27783.79
2025-05-20	NIFTY500	27642.52
2025-05-21	NIFTY500	27507.92
2025-05-22	NIFTY500	27575.33
2025-05-23	NIFTY500	27647.3
2025-05-26	NIFTY500	27532.55
2025-05-27	NIFTY500	27591.11
2025-05-28	NIFTY500	27884.64
2025-05-29	NIFTY500	27681.69
2025-05-30	NIFTY500	27860.87
2025-06-02	NIFTY500	27541.89
2025-06-03	NIFTY500	27150.64
2025-06-04	NIFTY500	27237.26
2025-06-05	NIFTY500	27235.8
2025-06-06	NIFTY500	27277.58
2025-06-09	NIFTY500	27315.52
2025-06-10	NIFTY500	27561
2025-06-11	NIFTY500	27704.88
2025-06-12	NIFTY500	27833.91
2025-06-13	NIFTY500	28190.11
2025-06-16	NIFTY500	28430.19
2025-06-17	NIFTY500	28489.93
2025-06-18	NIFTY500	28771.25
2025-06-19	NIFTY500	28716.16
2025-06-20	NIFTY500	28667.87
2025-06-23	NIFTY500	29017.15
2025-06-24	NIFTY500	28974
2025-06-25	NIFTY500	29092.64
2025-06-26	NIFTY500	29198.08
2025-06-27	NIFTY500	29253.13
2025-06-30	NIFTY500	29736.7
2025-07-01	NIFTY500	29719.76
2025-07-02	NIFTY500	30203.76
2025-07-03	NIFTY500	29934.06
2025-07-04	NIFTY500	29937
2025-07-07	NIFTY500	29889.19
2025-07-08	NIFTY500	30109.66
2025-07-09	NIFTY500	29766.78
2025-07-10	NIFTY500	29882.58
2025-07-11	NIFTY500	30142.84
2025-07-14	NIFTY500	30071.5
2025-07-15	NIFTY500	29922.59
2025-07-16	NIFTY500	29776.37
2025-07-17	NIFTY500	29921.89
2025-07-18	NIFTY500	29521.59
2025-07-21	NIFTY500	29197.94
2025-07-22	NIFTY500	29234.5
2025-07-23	NIFTY500	29400.68
2025-07-24	NIFTY500	29487.34
2025-07-25	NIFTY500	29659.41
2025-07-28	NIFTY500	29401.97
2025-07-29	NIFTY500	28967.05
2025-07-30	NIFTY500	29208.54
2025-07-31	NIFTY500	28898.71
2025-08-01	NIFTY500	29045.22
2025-08-04	NIFTY500	28595.25
2025-08-05	NIFTY500	28781.28
2025-08-06	NIFTY500	28795.69
2025-08-07	NIFTY500	29076.24
2025-08-08	NIFTY500	29295.23
2025-08-11	NIFTY500	29221.28
2025-08-12	NIFTY500	29095.57
2025-08-13	NIFTY500	29191.85
2025-08-14	NIFTY500	29078
2025-08-15	NIFTY500	28264.29
2025-08-18	NIFTY500	28208.95
2025-08-19	NIFTY500	28010.11
2025-08-20	NIFTY500	27892.58
2025-08-21	NIFTY500	27980.22
2025-08-22	NIFTY500	28302.75
2025-08-25	NIFTY500	28780.02
2025-08-26	NIFTY500	28919.48
2025-08-27	NIFTY500	28782.96
2025-08-28	NIFTY500	29045.06
2025-08-29	NIFTY500	28675.37
2025-09-01	NIFTY500	28515.93
2025-09-02	NIFTY500	28472.92
2025-09-03	NIFTY500	28007.99
2025-09-04	NIFTY500	28083.53
2025-09-05	NIFTY500	27895.02
2025-09-08	NIFTY500	27969.82
2025-09-09	NIFTY500	27918.76
2025-09-10	NIFTY500	27726.67
2025-09-11	NIFTY500	27497.61
2025-09-12	NIFTY500	27500.06
2025-09-15	NIFTY500	27690.7
2025-09-16	NIFTY500	27875.06
2025-09-17	NIFTY500	27961.73
2025-09-18	NIFTY500	28117.79
2025-09-19	NIFTY500	28150.75
2025-09-22	NIFTY500	28002.35
2025-09-23	NIFTY500	28365.97
2025-09-24	NIFTY500	28217.1
2025-09-25	NIFTY500	28626.77
2025-09-26	NIFTY500	28802.72
2025-09-29	NIFTY500	28753.36
2025-09-30	NIFTY500	28444.08
2025-10-01	NIFTY500	28543.42
2025-10-02	NIFTY500	28546.17
2025-10-03	NIFTY500	28868.18
2025-10-06	NIFTY500	28619.76
2025-10-07	NIFTY500	28902.69
2025-10-08	NIFTY500	29296.19
2025-10-09	NIFTY500	29125.95
2025-10-10	NIFTY500	29331.25
2025-10-13	NIFTY500	29711.93
2025-10-14	NIFTY500	30086.24
2025-10-15	NIFTY500	30382.49
2025-10-16	NIFTY500	30862.74
2025-10-17	NIFTY500	30896.85
2025-10-20	NIFTY500	30900.56
2025-10-21	NIFTY500	31347.36
2025-10-22	NIFTY500	30717.62
2025-10-23	NIFTY500	30656.38
2025-10-24	NIFTY500	30452.17
2025-10-27	NIFTY500	30479.11
2025-10-28	NIFTY500	30607.19
2025-10-29	NIFTY500	30781.96
2025-10-30	NIFTY500	30819.15
2025-10-31	NIFTY500	30881.97
2025-11-03	NIFTY500	31163.15
2025-11-04	NIFTY500	31022.5
2025-11-05	NIFTY500	30944.33
2025-11-06	NIFTY500	30711.38
2025-11-07	NIFTY500	30723.73
2025-11-10	NIFTY500	30303.1
2025-11-11	NIFTY500	30668.24
2025-11-12	NIFTY500	30900.17
2025-11-13	NIFTY500	30649.55
2025-11-14	NIFTY500	31001.26
2025-11-17	NIFTY500	30944.57
2025-11-18	NIFTY500	30769.7
2025-11-19	NIFTY500	30887.19
2025-11-20	NIFTY500	30456.38
2025-11-21	NIFTY500	30379.16
2025-11-24	NIFTY500	30494.98
2025-11-25	NIFTY500	30994.15
2025-11-26	NIFTY500	30664.05
2025-11-27	NIFTY500	30358.88
2025-11-28	NIFTY500	30310.29
2025-12-01	NIFTY500	30239.55
2025-12-02	NIFTY500	30465.1
2025-12-03	NIFTY500	30892.98
2025-12-04	NIFTY500	31190.19
2025-12-05	NIFTY500	31085.07
2025-12-08	NIFTY500	31501.78
2025-12-09	NIFTY500	31496.69
2025-12-10	NIFTY500	31657.41
2025-12-11	NIFTY500	31791.03
2025-12-12	NIFTY500	31933.17
2025-12-15	NIFTY500	32196.83
2025-12-16	NIFTY500	32443.13
2025-12-17	NIFTY500	32668.27
2025-12-18	NIFTY500	32534.25
2025-12-19	NIFTY500	32302.55
2025-12-22	NIFTY500	32532.07
2025-12-23	NIFTY500	32645.1
2025-12-24	NIFTY500	32916.02
2025-12-25	NIFTY500	32798.95
2025-12-26	NIFTY500	33031.2
2025-12-29	NIFTY500	32959.96
2025-12-30	NIFTY500	32870.98
2025-12-31	NIFTY500	33230.1
2026-01-01	NIFTY500	33571.28
2026-01-02	NIFTY500	33653.42
2026-01-05	NIFTY500	33568.07
2026-01-06	NIFTY500	33560.81
2026-01-07	NIFTY500	33621.87
2026-01-08	NIFTY500	33524.45
2026-01-09	NIFTY500	33637.11
2026-01-12	NIFTY500	33504.72
2026-01-13	NIFTY500	33984.43
2026-01-14	NIFTY500	33412.5
2026-01-15	NIFTY500	33243.44
2026-01-16	NIFTY500	33488.11
2026-01-19	NIFTY500	33974.62
2026-01-20	NIFTY500	33813.26
2026-01-21	NIFTY500	33762.06
2026-01-22	NIFTY500	33916.67
2026-01-23	NIFTY500	34083.98
2026-01-26	NIFTY500	34142.45
2026-01-27	NIFTY500	34396.06
2026-01-28	NIFTY500	34503.72
2026-01-29	NIFTY500	34617.89
2026-01-30	NIFTY500	35118.14
2026-02-02	NIFTY500	35084.87
2026-02-03	NIFTY500	35028.32
2026-02-04	NIFTY500	34952.53
2026-02-05	NIFTY500	34789.12
2026-02-06	NIFTY500	34771.71
2026-02-09	NIFTY500	34601.37
2026-02-10	NIFTY500	34760.46
2026-02-11	NIFTY500	34924.42
2026-02-12	NIFTY500	35017.03
2026-02-13	NIFTY500	35158.47
2026-02-16	NIFTY500	35429.45
2026-02-17	NIFTY500	35128.61
2026-02-18	NIFTY500	35231.41
2026-02-19	NIFTY500	35752.53
2026-02-20	NIFTY500	35603.65
2026-02-23	NIFTY500	36418.15
2026-02-24	NIFTY500	36339.84
2026-02-25	NIFTY500	36438.27
2026-02-26	NIFTY500	36551.17
2026-02-27	NIFTY500	36111.37
2026-03-02	NIFTY500	35876.16
2026-03-03	NIFTY500	36104.36
2026-03-04	NIFTY500	36049.18
2026-03-05	NIFTY500	35792.23
2026-03-06	NIFTY500	36196.72
2026-03-09	NIFTY500	36314.15
2026-03-10	NIFTY500	36287.63
2026-03-11	NIFTY500	37045.24
2026-03-12	NIFTY500	36739.01
2026-03-13	NIFTY500	36424.66
2026-03-16	NIFTY500	36315.8
2026-03-17	NIFTY500	36424.03
2026-03-18	NIFTY500	36588.4
2026-03-19	NIFTY500	36373.23
2026-03-20	NIFTY500	35947.96
2026-03-23	NIFTY500	36152.24
2026-03-24	NIFTY500	36030.26
2026-03-25	NIFTY500	36051.39
2026-03-26	NIFTY500	36097.46
2026-03-27	NIFTY500	36421.99
2026-03-30	NIFTY500	36276.4
2026-03-31	NIFTY500	36807.25
2026-04-01	NIFTY500	36778.65
2026-04-02	NIFTY500	36364.63
2026-04-03	NIFTY500	36061.37
2026-04-06	NIFTY500	35746.47
2026-04-07	NIFTY500	35535.93
2026-04-08	NIFTY500	35635.3
2026-04-09	NIFTY500	35971.46
2026-04-10	NIFTY500	35291.81
2026-04-13	NIFTY500	35589.83
2026-04-14	NIFTY500	36054.78
2026-04-15	NIFTY500	36731.91
2026-04-16	NIFTY500	36887.15
2026-04-17	NIFTY500	36331.91
2026-04-20	NIFTY500	35922.39
2026-04-21	NIFTY500	36224.88
2026-04-22	NIFTY500	36273.42
2026-04-23	NIFTY500	36091.04
2026-04-24	NIFTY500	35637.61
2026-04-27	NIFTY500	35319.08
2026-04-28	NIFTY500	35501.26
2026-04-29	NIFTY500	35669.99
2026-04-30	NIFTY500	35993.84
2026-05-01	NIFTY500	36434.05
2026-05-04	NIFTY500	36171.78
2026-05-05	NIFTY500	36486.19
2026-05-06	NIFTY500	36266.94
2026-05-07	NIFTY500	36245.67
2026-05-08	NIFTY500	36030.83
2026-05-11	NIFTY500	36295.09
2026-05-12	NIFTY500	36128.67
2026-05-13	NIFTY500	36354.36
2026-05-14	NIFTY500	36527.04
2026-05-15	NIFTY500	36914.79
2026-05-18	NIFTY500	37124.71
2026-05-19	NIFTY500	37761.23
2026-05-20	NIFTY500	37567.22
2026-05-21	NIFTY500	37851.06
2026-05-22	NIFTY500	38004.83
2026-05-25	NIFTY500	37772.25
2026-05-26	NIFTY500	38111.96
2026-05-27	NIFTY500	38418.87
2026-05-28	NIFTY500	38220.66
2026-05-29	NIFTY500	37680.76
2022-01-03	CRISIL_LIQUID	2281.51
2022-01-04	CRISIL_LIQUID	2281.61
2022-01-05	CRISIL_LIQUID	2282.31
2022-01-06	CRISIL_LIQUID	2282.91
2022-01-07	CRISIL_LIQUID	2284.78
2022-01-10	CRISIL_LIQUID	2284.84
2022-01-11	CRISIL_LIQUID	2285.86
2022-01-12	CRISIL_LIQUID	2285.47
2022-01-13	CRISIL_LIQUID	2285.36
2022-01-14	CRISIL_LIQUID	2285.63
2022-01-17	CRISIL_LIQUID	2285.61
2022-01-18	CRISIL_LIQUID	2286.51
2022-01-19	CRISIL_LIQUID	2287.08
2022-01-20	CRISIL_LIQUID	2288.27
2022-01-21	CRISIL_LIQUID	2288.12
2022-01-24	CRISIL_LIQUID	2288.84
2022-01-25	CRISIL_LIQUID	2288.89
2022-01-26	CRISIL_LIQUID	2290.4
2022-01-27	CRISIL_LIQUID	2290.25
2022-01-28	CRISIL_LIQUID	2289.57
2022-01-31	CRISIL_LIQUID	2289.74
2022-02-01	CRISIL_LIQUID	2289.52
2022-02-02	CRISIL_LIQUID	2290.22
2022-02-03	CRISIL_LIQUID	2291.23
2022-02-04	CRISIL_LIQUID	2292.34
2022-02-07	CRISIL_LIQUID	2291.39
2022-02-08	CRISIL_LIQUID	2292.51
2022-02-09	CRISIL_LIQUID	2293.26
2022-02-10	CRISIL_LIQUID	2294.36
2022-02-11	CRISIL_LIQUID	2295.59
2022-02-14	CRISIL_LIQUID	2295.73
2022-02-15	CRISIL_LIQUID	2295.67
2022-02-16	CRISIL_LIQUID	2296.5
2022-02-17	CRISIL_LIQUID	2297.79
2022-02-18	CRISIL_LIQUID	2297.48
2022-02-21	CRISIL_LIQUID	2298.12
2022-02-22	CRISIL_LIQUID	2298.33
2022-02-23	CRISIL_LIQUID	2298.55
2022-02-24	CRISIL_LIQUID	2298.86
2022-02-25	CRISIL_LIQUID	2299.93
2022-02-28	CRISIL_LIQUID	2300.94
2022-03-01	CRISIL_LIQUID	2300.89
2022-03-02	CRISIL_LIQUID	2300.49
2022-03-03	CRISIL_LIQUID	2301.86
2022-03-04	CRISIL_LIQUID	2303.04
2022-03-07	CRISIL_LIQUID	2304.53
2022-03-08	CRISIL_LIQUID	2305.52
2022-03-09	CRISIL_LIQUID	2307.08
2022-03-10	CRISIL_LIQUID	2306
2022-03-11	CRISIL_LIQUID	2306.51
2022-03-14	CRISIL_LIQUID	2306.6
2022-03-15	CRISIL_LIQUID	2308.64
2022-03-16	CRISIL_LIQUID	2308.36
2022-03-17	CRISIL_LIQUID	2307.98
2022-03-18	CRISIL_LIQUID	2308.12
2022-03-21	CRISIL_LIQUID	2308.33
2022-03-22	CRISIL_LIQUID	2308.65
2022-03-23	CRISIL_LIQUID	2309.91
2022-03-24	CRISIL_LIQUID	2311.58
2022-03-25	CRISIL_LIQUID	2312.88
2022-03-28	CRISIL_LIQUID	2315.29
2022-03-29	CRISIL_LIQUID	2316.82
2022-03-30	CRISIL_LIQUID	2316.96
2022-03-31	CRISIL_LIQUID	2317.47
2022-04-01	CRISIL_LIQUID	2318.65
2022-04-04	CRISIL_LIQUID	2318.4
2022-04-05	CRISIL_LIQUID	2318.77
2022-04-06	CRISIL_LIQUID	2319.84
2022-04-07	CRISIL_LIQUID	2321.84
2022-04-08	CRISIL_LIQUID	2322.46
2022-04-11	CRISIL_LIQUID	2323.2
2022-04-12	CRISIL_LIQUID	2324.18
2022-04-13	CRISIL_LIQUID	2323.51
2022-04-14	CRISIL_LIQUID	2323.85
2022-04-15	CRISIL_LIQUID	2323.82
2022-04-18	CRISIL_LIQUID	2324.99
2022-04-19	CRISIL_LIQUID	2325.27
2022-04-20	CRISIL_LIQUID	2326.76
2022-04-21	CRISIL_LIQUID	2327.68
2022-04-22	CRISIL_LIQUID	2328.16
2022-04-25	CRISIL_LIQUID	2328.35
2022-04-26	CRISIL_LIQUID	2328.43
2022-04-27	CRISIL_LIQUID	2330.21
2022-04-28	CRISIL_LIQUID	2329.32
2022-04-29	CRISIL_LIQUID	2329.86
2022-05-02	CRISIL_LIQUID	2330.52
2022-05-03	CRISIL_LIQUID	2329.47
2022-05-04	CRISIL_LIQUID	2331.03
2022-05-05	CRISIL_LIQUID	2331.78
2022-05-06	CRISIL_LIQUID	2332.92
2022-05-09	CRISIL_LIQUID	2334.07
2022-05-10	CRISIL_LIQUID	2335.34
2022-05-11	CRISIL_LIQUID	2336.54
2022-05-12	CRISIL_LIQUID	2337.74
2022-05-13	CRISIL_LIQUID	2338.63
2022-05-16	CRISIL_LIQUID	2339.96
2022-05-17	CRISIL_LIQUID	2342.58
2022-05-18	CRISIL_LIQUID	2342.55
2022-05-19	CRISIL_LIQUID	2343.53
2022-05-20	CRISIL_LIQUID	2344.76
2022-05-23	CRISIL_LIQUID	2344.23
2022-05-24	CRISIL_LIQUID	2346.23
2022-05-25	CRISIL_LIQUID	2347.32
2022-05-26	CRISIL_LIQUID	2348.15
2022-05-27	CRISIL_LIQUID	2348.49
2022-05-30	CRISIL_LIQUID	2349.72
2022-05-31	CRISIL_LIQUID	2349.5
2022-06-01	CRISIL_LIQUID	2351.39
2022-06-02	CRISIL_LIQUID	2352.77
2022-06-03	CRISIL_LIQUID	2353.29
2022-06-06	CRISIL_LIQUID	2354.96
2022-06-07	CRISIL_LIQUID	2354.28
2022-06-08	CRISIL_LIQUID	2354.14
2022-06-09	CRISIL_LIQUID	2354.79
2022-06-10	CRISIL_LIQUID	2355.48
2022-06-13	CRISIL_LIQUID	2356.42
2022-06-14	CRISIL_LIQUID	2357.19
2022-06-15	CRISIL_LIQUID	2358.73
2022-06-16	CRISIL_LIQUID	2358.25
2022-06-17	CRISIL_LIQUID	2357.44
2022-06-20	CRISIL_LIQUID	2357.02
2022-06-21	CRISIL_LIQUID	2356.67
2022-06-22	CRISIL_LIQUID	2357.31
2022-06-23	CRISIL_LIQUID	2357.82
2022-06-24	CRISIL_LIQUID	2358.68
2022-06-27	CRISIL_LIQUID	2359.57
2022-06-28	CRISIL_LIQUID	2360.39
2022-06-29	CRISIL_LIQUID	2359.88
2022-06-30	CRISIL_LIQUID	2360.34
2022-07-01	CRISIL_LIQUID	2360.59
2022-07-04	CRISIL_LIQUID	2362.13
2022-07-05	CRISIL_LIQUID	2363.02
2022-07-06	CRISIL_LIQUID	2365.04
2022-07-07	CRISIL_LIQUID	2364.93
2022-07-08	CRISIL_LIQUID	2365.34
2022-07-11	CRISIL_LIQUID	2366.66
2022-07-12	CRISIL_LIQUID	2366.92
2022-07-13	CRISIL_LIQUID	2367.84
2022-07-14	CRISIL_LIQUID	2368.02
2022-07-15	CRISIL_LIQUID	2369.53
2022-07-18	CRISIL_LIQUID	2369.11
2022-07-19	CRISIL_LIQUID	2371.18
2022-07-20	CRISIL_LIQUID	2372.39
2022-07-21	CRISIL_LIQUID	2373.4
2022-07-22	CRISIL_LIQUID	2374.34
2022-07-25	CRISIL_LIQUID	2374.45
2022-07-26	CRISIL_LIQUID	2375.62
2022-07-27	CRISIL_LIQUID	2375.88
2022-07-28	CRISIL_LIQUID	2374.94
2022-07-29	CRISIL_LIQUID	2375.65
2022-08-01	CRISIL_LIQUID	2375.74
2022-08-02	CRISIL_LIQUID	2376.49
2022-08-03	CRISIL_LIQUID	2377.12
2022-08-04	CRISIL_LIQUID	2376.7
2022-08-05	CRISIL_LIQUID	2378.54
2022-08-08	CRISIL_LIQUID	2378.68
2022-08-09	CRISIL_LIQUID	2380.12
2022-08-10	CRISIL_LIQUID	2380.23
2022-08-11	CRISIL_LIQUID	2380.88
2022-08-12	CRISIL_LIQUID	2381.73
2022-08-15	CRISIL_LIQUID	2380.85
2022-08-16	CRISIL_LIQUID	2381.02
2022-08-17	CRISIL_LIQUID	2381.86
2022-08-18	CRISIL_LIQUID	2382.54
2022-08-19	CRISIL_LIQUID	2383.21
2022-08-22	CRISIL_LIQUID	2384.53
2022-08-23	CRISIL_LIQUID	2384.56
2022-08-24	CRISIL_LIQUID	2385.25
2022-08-25	CRISIL_LIQUID	2384.86
2022-08-26	CRISIL_LIQUID	2385.12
2022-08-29	CRISIL_LIQUID	2386.68
2022-08-30	CRISIL_LIQUID	2387.32
2022-08-31	CRISIL_LIQUID	2387.6
2022-09-01	CRISIL_LIQUID	2387.62
2022-09-02	CRISIL_LIQUID	2387.22
2022-09-05	CRISIL_LIQUID	2388.56
2022-09-06	CRISIL_LIQUID	2390.79
2022-09-07	CRISIL_LIQUID	2391.1
2022-09-08	CRISIL_LIQUID	2390.36
2022-09-09	CRISIL_LIQUID	2392.14
2022-09-12	CRISIL_LIQUID	2392.09
2022-09-13	CRISIL_LIQUID	2393
2022-09-14	CRISIL_LIQUID	2394.02
2022-09-15	CRISIL_LIQUID	2395.49
2022-09-16	CRISIL_LIQUID	2395.93
2022-09-19	CRISIL_LIQUID	2396.9
2022-09-20	CRISIL_LIQUID	2397.28
2022-09-21	CRISIL_LIQUID	2396.39
2022-09-22	CRISIL_LIQUID	2396.7
2022-09-23	CRISIL_LIQUID	2397.6
2022-09-26	CRISIL_LIQUID	2397.46
2022-09-27	CRISIL_LIQUID	2398.15
2022-09-28	CRISIL_LIQUID	2398.97
2022-09-29	CRISIL_LIQUID	2400.61
2022-09-30	CRISIL_LIQUID	2400.53
2022-10-03	CRISIL_LIQUID	2401.33
2022-10-04	CRISIL_LIQUID	2401.12
2022-10-05	CRISIL_LIQUID	2400.09
2022-10-06	CRISIL_LIQUID	2400.35
2022-10-07	CRISIL_LIQUID	2400.56
2022-10-10	CRISIL_LIQUID	2401.43
2022-10-11	CRISIL_LIQUID	2402.93
2022-10-12	CRISIL_LIQUID	2403.63
2022-10-13	CRISIL_LIQUID	2403.76
2022-10-14	CRISIL_LIQUID	2403.76
2022-10-17	CRISIL_LIQUID	2405.26
2022-10-18	CRISIL_LIQUID	2406.4
2022-10-19	CRISIL_LIQUID	2406.36
2022-10-20	CRISIL_LIQUID	2405.94
2022-10-21	CRISIL_LIQUID	2405.89
2022-10-24	CRISIL_LIQUID	2407.26
2022-10-25	CRISIL_LIQUID	2407.17
2022-10-26	CRISIL_LIQUID	2408.14
2022-10-27	CRISIL_LIQUID	2410.04
2022-10-28	CRISIL_LIQUID	2410.06
2022-10-31	CRISIL_LIQUID	2410.39
2022-11-01	CRISIL_LIQUID	2410.99
2022-11-02	CRISIL_LIQUID	2410.4
2022-11-03	CRISIL_LIQUID	2410.48
2022-11-04	CRISIL_LIQUID	2411.24
2022-11-07	CRISIL_LIQUID	2411.12
2022-11-08	CRISIL_LIQUID	2413.36
2022-11-09	CRISIL_LIQUID	2413.61
2022-11-10	CRISIL_LIQUID	2414.1
2022-11-11	CRISIL_LIQUID	2414.29
2022-11-14	CRISIL_LIQUID	2414.72
2022-11-15	CRISIL_LIQUID	2414.8
2022-11-16	CRISIL_LIQUID	2413.84
2022-11-17	CRISIL_LIQUID	2414.19
2022-11-18	CRISIL_LIQUID	2416.19
2022-11-21	CRISIL_LIQUID	2418.05
2022-11-22	CRISIL_LIQUID	2417.87
2022-11-23	CRISIL_LIQUID	2417.28
2022-11-24	CRISIL_LIQUID	2416.34
2022-11-25	CRISIL_LIQUID	2416.22
2022-11-28	CRISIL_LIQUID	2416.42
2022-11-29	CRISIL_LIQUID	2417.35
2022-11-30	CRISIL_LIQUID	2417.66
2022-12-01	CRISIL_LIQUID	2418.95
2022-12-02	CRISIL_LIQUID	2420.03
2022-12-05	CRISIL_LIQUID	2420.92
2022-12-06	CRISIL_LIQUID	2421.45
2022-12-07	CRISIL_LIQUID	2422.83
2022-12-08	CRISIL_LIQUID	2423.94
2022-12-09	CRISIL_LIQUID	2423.45
2022-12-12	CRISIL_LIQUID	2424.48
2022-12-13	CRISIL_LIQUID	2424.66
2022-12-14	CRISIL_LIQUID	2425.99
2022-12-15	CRISIL_LIQUID	2427.12
2022-12-16	CRISIL_LIQUID	2429.06
2022-12-19	CRISIL_LIQUID	2428.16
2022-12-20	CRISIL_LIQUID	2429.02
2022-12-21	CRISIL_LIQUID	2429.15
2022-12-22	CRISIL_LIQUID	2431.41
2022-12-23	CRISIL_LIQUID	2429.71
2022-12-26	CRISIL_LIQUID	2430.67
2022-12-27	CRISIL_LIQUID	2431.73
2022-12-28	CRISIL_LIQUID	2430.72
2022-12-29	CRISIL_LIQUID	2431.74
2022-12-30	CRISIL_LIQUID	2430.82
2023-01-02	CRISIL_LIQUID	2430.9
2023-01-03	CRISIL_LIQUID	2431.84
2023-01-04	CRISIL_LIQUID	2431.71
2023-01-05	CRISIL_LIQUID	2432.4
2023-01-06	CRISIL_LIQUID	2433.02
2023-01-09	CRISIL_LIQUID	2434.06
2023-01-10	CRISIL_LIQUID	2433.87
2023-01-11	CRISIL_LIQUID	2435.21
2023-01-12	CRISIL_LIQUID	2433.62
2023-01-13	CRISIL_LIQUID	2435.41
2023-01-16	CRISIL_LIQUID	2435.84
2023-01-17	CRISIL_LIQUID	2436.35
2023-01-18	CRISIL_LIQUID	2437.22
2023-01-19	CRISIL_LIQUID	2437.99
2023-01-20	CRISIL_LIQUID	2438.62
2023-01-23	CRISIL_LIQUID	2440.21
2023-01-24	CRISIL_LIQUID	2439.66
2023-01-25	CRISIL_LIQUID	2439.56
2023-01-26	CRISIL_LIQUID	2440.52
2023-01-27	CRISIL_LIQUID	2440.87
2023-01-30	CRISIL_LIQUID	2442.49
2023-01-31	CRISIL_LIQUID	2444.84
2023-02-01	CRISIL_LIQUID	2445.48
2023-02-02	CRISIL_LIQUID	2444.78
2023-02-03	CRISIL_LIQUID	2444.74
2023-02-06	CRISIL_LIQUID	2443.8
2023-02-07	CRISIL_LIQUID	2444.9
2023-02-08	CRISIL_LIQUID	2444.8
2023-02-09	CRISIL_LIQUID	2445.31
2023-02-10	CRISIL_LIQUID	2445.72
2023-02-13	CRISIL_LIQUID	2447.22
2023-02-14	CRISIL_LIQUID	2447.9
2023-02-15	CRISIL_LIQUID	2448.32
2023-02-16	CRISIL_LIQUID	2448.24
2023-02-17	CRISIL_LIQUID	2449.34
2023-02-20	CRISIL_LIQUID	2449.12
2023-02-21	CRISIL_LIQUID	2448.78
2023-02-22	CRISIL_LIQUID	2448.96
2023-02-23	CRISIL_LIQUID	2451.2
2023-02-24	CRISIL_LIQUID	2451.75
2023-02-27	CRISIL_LIQUID	2452.35
2023-02-28	CRISIL_LIQUID	2453.23
2023-03-01	CRISIL_LIQUID	2454.04
2023-03-02	CRISIL_LIQUID	2454.5
2023-03-03	CRISIL_LIQUID	2454.39
2023-03-06	CRISIL_LIQUID	2454.68
2023-03-07	CRISIL_LIQUID	2455.16
2023-03-08	CRISIL_LIQUID	2454.69
2023-03-09	CRISIL_LIQUID	2455.16
2023-03-10	CRISIL_LIQUID	2455.94
2023-03-13	CRISIL_LIQUID	2456.16
2023-03-14	CRISIL_LIQUID	2457.76
2023-03-15	CRISIL_LIQUID	2458.6
2023-03-16	CRISIL_LIQUID	2458.65
2023-03-17	CRISIL_LIQUID	2458.96
2023-03-20	CRISIL_LIQUID	2460.55
2023-03-21	CRISIL_LIQUID	2460.7
2023-03-22	CRISIL_LIQUID	2460.72
2023-03-23	CRISIL_LIQUID	2460.7
2023-03-24	CRISIL_LIQUID	2461.39
2023-03-27	CRISIL_LIQUID	2462.19
2023-03-28	CRISIL_LIQUID	2463.36
2023-03-29	CRISIL_LIQUID	2463.43
2023-03-30	CRISIL_LIQUID	2465.24
2023-03-31	CRISIL_LIQUID	2466.27
2023-04-03	CRISIL_LIQUID	2466.59
2023-04-04	CRISIL_LIQUID	2467.87
2023-04-05	CRISIL_LIQUID	2469.98
2023-04-06	CRISIL_LIQUID	2471
2023-04-07	CRISIL_LIQUID	2473.01
2023-04-10	CRISIL_LIQUID	2472.86
2023-04-11	CRISIL_LIQUID	2471.99
2023-04-12	CRISIL_LIQUID	2473.05
2023-04-13	CRISIL_LIQUID	2474.57
2023-04-14	CRISIL_LIQUID	2474.17
2023-04-17	CRISIL_LIQUID	2475.78
2023-04-18	CRISIL_LIQUID	2476.08
2023-04-19	CRISIL_LIQUID	2477.19
2023-04-20	CRISIL_LIQUID	2478.04
2023-04-21	CRISIL_LIQUID	2479.04
2023-04-24	CRISIL_LIQUID	2480.12
2023-04-25	CRISIL_LIQUID	2480.7
2023-04-26	CRISIL_LIQUID	2481
2023-04-27	CRISIL_LIQUID	2481.91
2023-04-28	CRISIL_LIQUID	2482.33
2023-05-01	CRISIL_LIQUID	2482.43
2023-05-02	CRISIL_LIQUID	2483.32
2023-05-03	CRISIL_LIQUID	2483.49
2023-05-04	CRISIL_LIQUID	2483.98
2023-05-05	CRISIL_LIQUID	2484.21
2023-05-08	CRISIL_LIQUID	2486.07
2023-05-09	CRISIL_LIQUID	2486.79
2023-05-10	CRISIL_LIQUID	2486.19
2023-05-11	CRISIL_LIQUID	2487.81
2023-05-12	CRISIL_LIQUID	2487.03
2023-05-15	CRISIL_LIQUID	2489.35
2023-05-16	CRISIL_LIQUID	2490.02
2023-05-17	CRISIL_LIQUID	2490.18
2023-05-18	CRISIL_LIQUID	2490.53
2023-05-19	CRISIL_LIQUID	2489.93
2023-05-22	CRISIL_LIQUID	2490.49
2023-05-23	CRISIL_LIQUID	2490.78
2023-05-24	CRISIL_LIQUID	2491.37
2023-05-25	CRISIL_LIQUID	2492.72
2023-05-26	CRISIL_LIQUID	2493.6
2023-05-29	CRISIL_LIQUID	2493.34
2023-05-30	CRISIL_LIQUID	2493.2
2023-05-31	CRISIL_LIQUID	2494.05
2023-06-01	CRISIL_LIQUID	2495.07
2023-06-02	CRISIL_LIQUID	2495.66
2023-06-05	CRISIL_LIQUID	2496.74
2023-06-06	CRISIL_LIQUID	2497.5
2023-06-07	CRISIL_LIQUID	2498.28
2023-06-08	CRISIL_LIQUID	2499.58
2023-06-09	CRISIL_LIQUID	2501.74
2023-06-12	CRISIL_LIQUID	2502.62
2023-06-13	CRISIL_LIQUID	2505.7
2023-06-14	CRISIL_LIQUID	2506.46
2023-06-15	CRISIL_LIQUID	2507.21
2023-06-16	CRISIL_LIQUID	2509.4
2023-06-19	CRISIL_LIQUID	2509.92
2023-06-20	CRISIL_LIQUID	2509.13
2023-06-21	CRISIL_LIQUID	2508.91
2023-06-22	CRISIL_LIQUID	2510.28
2023-06-23	CRISIL_LIQUID	2511.31
2023-06-26	CRISIL_LIQUID	2511.22
2023-06-27	CRISIL_LIQUID	2510.32
2023-06-28	CRISIL_LIQUID	2510.67
2023-06-29	CRISIL_LIQUID	2512.26
2023-06-30	CRISIL_LIQUID	2512.82
2023-07-03	CRISIL_LIQUID	2513.19
2023-07-04	CRISIL_LIQUID	2512.97
2023-07-05	CRISIL_LIQUID	2513.36
2023-07-06	CRISIL_LIQUID	2514.43
2023-07-07	CRISIL_LIQUID	2514.93
2023-07-10	CRISIL_LIQUID	2515.44
2023-07-11	CRISIL_LIQUID	2516.98
2023-07-12	CRISIL_LIQUID	2517.01
2023-07-13	CRISIL_LIQUID	2518.03
2023-07-14	CRISIL_LIQUID	2518.56
2023-07-17	CRISIL_LIQUID	2520.51
2023-07-18	CRISIL_LIQUID	2521.85
2023-07-19	CRISIL_LIQUID	2523.56
2023-07-20	CRISIL_LIQUID	2524.7
2023-07-21	CRISIL_LIQUID	2524.96
2023-07-24	CRISIL_LIQUID	2526.74
2023-07-25	CRISIL_LIQUID	2527.68
2023-07-26	CRISIL_LIQUID	2528.51
2023-07-27	CRISIL_LIQUID	2528.53
2023-07-28	CRISIL_LIQUID	2529.77
2023-07-31	CRISIL_LIQUID	2530.08
2023-08-01	CRISIL_LIQUID	2530.31
2023-08-02	CRISIL_LIQUID	2531.21
2023-08-03	CRISIL_LIQUID	2531.37
2023-08-04	CRISIL_LIQUID	2531.41
2023-08-07	CRISIL_LIQUID	2531.32
2023-08-08	CRISIL_LIQUID	2532.79
2023-08-09	CRISIL_LIQUID	2534.59
2023-08-10	CRISIL_LIQUID	2536.77
2023-08-11	CRISIL_LIQUID	2538.17
2023-08-14	CRISIL_LIQUID	2536.98
2023-08-15	CRISIL_LIQUID	2537.89
2023-08-16	CRISIL_LIQUID	2538.34
2023-08-17	CRISIL_LIQUID	2540.91
2023-08-18	CRISIL_LIQUID	2541.88
2023-08-21	CRISIL_LIQUID	2541.87
2023-08-22	CRISIL_LIQUID	2541.95
2023-08-23	CRISIL_LIQUID	2541.2
2023-08-24	CRISIL_LIQUID	2541.8
2023-08-25	CRISIL_LIQUID	2541.2
2023-08-28	CRISIL_LIQUID	2540.24
2023-08-29	CRISIL_LIQUID	2540.15
2023-08-30	CRISIL_LIQUID	2539.99
2023-08-31	CRISIL_LIQUID	2540.7
2023-09-01	CRISIL_LIQUID	2541.66
2023-09-04	CRISIL_LIQUID	2542.32
2023-09-05	CRISIL_LIQUID	2542.89
2023-09-06	CRISIL_LIQUID	2543.86
2023-09-07	CRISIL_LIQUID	2545.44
2023-09-08	CRISIL_LIQUID	2545.3
2023-09-11	CRISIL_LIQUID	2546.22
2023-09-12	CRISIL_LIQUID	2546.89
2023-09-13	CRISIL_LIQUID	2547.88
2023-09-14	CRISIL_LIQUID	2548.38
2023-09-15	CRISIL_LIQUID	2548.33
2023-09-18	CRISIL_LIQUID	2548.87
2023-09-19	CRISIL_LIQUID	2548.94
2023-09-20	CRISIL_LIQUID	2548.81
2023-09-21	CRISIL_LIQUID	2550.42
2023-09-22	CRISIL_LIQUID	2551.2
2023-09-25	CRISIL_LIQUID	2550.27
2023-09-26	CRISIL_LIQUID	2548.28
2023-09-27	CRISIL_LIQUID	2548.81
2023-09-28	CRISIL_LIQUID	2548.96
2023-09-29	CRISIL_LIQUID	2549.64
2023-10-02	CRISIL_LIQUID	2550.49
2023-10-03	CRISIL_LIQUID	2551.14
2023-10-04	CRISIL_LIQUID	2551.17
2023-10-05	CRISIL_LIQUID	2552.61
2023-10-06	CRISIL_LIQUID	2552.33
2023-10-09	CRISIL_LIQUID	2553.97
2023-10-10	CRISIL_LIQUID	2555.1
2023-10-11	CRISIL_LIQUID	2555.23
2023-10-12	CRISIL_LIQUID	2556.24
2023-10-13	CRISIL_LIQUID	2556.61
2023-10-16	CRISIL_LIQUID	2558.37
2023-10-17	CRISIL_LIQUID	2558.52
2023-10-18	CRISIL_LIQUID	2559.83
2023-10-19	CRISIL_LIQUID	2559.47
2023-10-20	CRISIL_LIQUID	2560.4
2023-10-23	CRISIL_LIQUID	2561.3
2023-10-24	CRISIL_LIQUID	2562.48
2023-10-25	CRISIL_LIQUID	2563.54
2023-10-26	CRISIL_LIQUID	2563.95
2023-10-27	CRISIL_LIQUID	2563.05
2023-10-30	CRISIL_LIQUID	2562.62
2023-10-31	CRISIL_LIQUID	2561.62
2023-11-01	CRISIL_LIQUID	2562.06
2023-11-02	CRISIL_LIQUID	2563.64
2023-11-03	CRISIL_LIQUID	2563.7
2023-11-06	CRISIL_LIQUID	2564.04
2023-11-07	CRISIL_LIQUID	2564.23
2023-11-08	CRISIL_LIQUID	2565.09
2023-11-09	CRISIL_LIQUID	2565.89
2023-11-10	CRISIL_LIQUID	2566.21
2023-11-13	CRISIL_LIQUID	2566.09
2023-11-14	CRISIL_LIQUID	2567.26
2023-11-15	CRISIL_LIQUID	2568.81
2023-11-16	CRISIL_LIQUID	2570.12
2023-11-17	CRISIL_LIQUID	2569.86
2023-11-20	CRISIL_LIQUID	2568.68
2023-11-21	CRISIL_LIQUID	2569.15
2023-11-22	CRISIL_LIQUID	2570.92
2023-11-23	CRISIL_LIQUID	2569.98
2023-11-24	CRISIL_LIQUID	2570.31
2023-11-27	CRISIL_LIQUID	2572.27
2023-11-28	CRISIL_LIQUID	2573.73
2023-11-29	CRISIL_LIQUID	2574.58
2023-11-30	CRISIL_LIQUID	2574.28
2023-12-01	CRISIL_LIQUID	2576.15
2023-12-04	CRISIL_LIQUID	2576.67
2023-12-05	CRISIL_LIQUID	2575.51
2023-12-06	CRISIL_LIQUID	2577.34
2023-12-07	CRISIL_LIQUID	2577.17
2023-12-08	CRISIL_LIQUID	2580.42
2023-12-11	CRISIL_LIQUID	2580.93
2023-12-12	CRISIL_LIQUID	2581.94
2023-12-13	CRISIL_LIQUID	2582.69
2023-12-14	CRISIL_LIQUID	2583.14
2023-12-15	CRISIL_LIQUID	2584.45
2023-12-18	CRISIL_LIQUID	2585.28
2023-12-19	CRISIL_LIQUID	2585.99
2023-12-20	CRISIL_LIQUID	2585.82
2023-12-21	CRISIL_LIQUID	2586.37
2023-12-22	CRISIL_LIQUID	2586.08
2023-12-25	CRISIL_LIQUID	2587.08
2023-12-26	CRISIL_LIQUID	2588.02
2023-12-27	CRISIL_LIQUID	2588.83
2023-12-28	CRISIL_LIQUID	2590.51
2023-12-29	CRISIL_LIQUID	2591.84
2024-01-01	CRISIL_LIQUID	2594.21
2024-01-02	CRISIL_LIQUID	2595.68
2024-01-03	CRISIL_LIQUID	2596.48
2024-01-04	CRISIL_LIQUID	2596.91
2024-01-05	CRISIL_LIQUID	2596.42
2024-01-08	CRISIL_LIQUID	2598.22
2024-01-09	CRISIL_LIQUID	2599.35
2024-01-10	CRISIL_LIQUID	2599.65
2024-01-11	CRISIL_LIQUID	2600.58
2024-01-12	CRISIL_LIQUID	2601.36
2024-01-15	CRISIL_LIQUID	2601.96
2024-01-16	CRISIL_LIQUID	2603.39
2024-01-17	CRISIL_LIQUID	2602.79
2024-01-18	CRISIL_LIQUID	2604.16
2024-01-19	CRISIL_LIQUID	2605.91
2024-01-22	CRISIL_LIQUID	2605.67
2024-01-23	CRISIL_LIQUID	2604.74
2024-01-24	CRISIL_LIQUID	2605.79
2024-01-25	CRISIL_LIQUID	2607.26
2024-01-26	CRISIL_LIQUID	2607.21
2024-01-29	CRISIL_LIQUID	2606.73
2024-01-30	CRISIL_LIQUID	2605.86
2024-01-31	CRISIL_LIQUID	2607.42
2024-02-01	CRISIL_LIQUID	2608.01
2024-02-02	CRISIL_LIQUID	2609.75
2024-02-05	CRISIL_LIQUID	2608.14
2024-02-06	CRISIL_LIQUID	2608.88
2024-02-07	CRISIL_LIQUID	2610.47
2024-02-08	CRISIL_LIQUID	2610.37
2024-02-09	CRISIL_LIQUID	2611.65
2024-02-12	CRISIL_LIQUID	2611.46
2024-02-13	CRISIL_LIQUID	2611.35
2024-02-14	CRISIL_LIQUID	2612.09
2024-02-15	CRISIL_LIQUID	2612.26
2024-02-16	CRISIL_LIQUID	2614.06
2024-02-19	CRISIL_LIQUID	2614.74
2024-02-20	CRISIL_LIQUID	2616.58
2024-02-21	CRISIL_LIQUID	2617.81
2024-02-22	CRISIL_LIQUID	2617.73
2024-02-23	CRISIL_LIQUID	2618.59
2024-02-26	CRISIL_LIQUID	2618.58
2024-02-27	CRISIL_LIQUID	2620.21
2024-02-28	CRISIL_LIQUID	2622.09
2024-02-29	CRISIL_LIQUID	2621.33
2024-03-01	CRISIL_LIQUID	2622.48
2024-03-04	CRISIL_LIQUID	2624.16
2024-03-05	CRISIL_LIQUID	2625.57
2024-03-06	CRISIL_LIQUID	2626.16
2024-03-07	CRISIL_LIQUID	2629.11
2024-03-08	CRISIL_LIQUID	2629.99
2024-03-11	CRISIL_LIQUID	2629.44
2024-03-12	CRISIL_LIQUID	2630.69
2024-03-13	CRISIL_LIQUID	2632.27
2024-03-14	CRISIL_LIQUID	2633.44
2024-03-15	CRISIL_LIQUID	2634.29
2024-03-18	CRISIL_LIQUID	2633.82
2024-03-19	CRISIL_LIQUID	2633.13
2024-03-20	CRISIL_LIQUID	2633
2024-03-21	CRISIL_LIQUID	2631.69
2024-03-22	CRISIL_LIQUID	2633.63
2024-03-25	CRISIL_LIQUID	2634.37
2024-03-26	CRISIL_LIQUID	2634.77
2024-03-27	CRISIL_LIQUID	2634.26
2024-03-28	CRISIL_LIQUID	2633.87
2024-03-29	CRISIL_LIQUID	2634.57
2024-04-01	CRISIL_LIQUID	2635.01
2024-04-02	CRISIL_LIQUID	2635.8
2024-04-03	CRISIL_LIQUID	2635.37
2024-04-04	CRISIL_LIQUID	2636.37
2024-04-05	CRISIL_LIQUID	2638.12
2024-04-08	CRISIL_LIQUID	2638.56
2024-04-09	CRISIL_LIQUID	2639.89
2024-04-10	CRISIL_LIQUID	2640.43
2024-04-11	CRISIL_LIQUID	2640.79
2024-04-12	CRISIL_LIQUID	2641.83
2024-04-15	CRISIL_LIQUID	2642.12
2024-04-16	CRISIL_LIQUID	2642.28
2024-04-17	CRISIL_LIQUID	2643.86
2024-04-18	CRISIL_LIQUID	2643.03
2024-04-19	CRISIL_LIQUID	2643.79
2024-04-22	CRISIL_LIQUID	2643.59
2024-04-23	CRISIL_LIQUID	2645.78
2024-04-24	CRISIL_LIQUID	2647.21
2024-04-25	CRISIL_LIQUID	2648.96
2024-04-26	CRISIL_LIQUID	2649.81
2024-04-29	CRISIL_LIQUID	2651.02
2024-04-30	CRISIL_LIQUID	2651.88
2024-05-01	CRISIL_LIQUID	2652.1
2024-05-02	CRISIL_LIQUID	2654.26
2024-05-03	CRISIL_LIQUID	2655.53
2024-05-06	CRISIL_LIQUID	2655.53
2024-05-07	CRISIL_LIQUID	2654.9
2024-05-08	CRISIL_LIQUID	2654.74
2024-05-09	CRISIL_LIQUID	2655.47
2024-05-10	CRISIL_LIQUID	2655.61
2024-05-13	CRISIL_LIQUID	2657.08
2024-05-14	CRISIL_LIQUID	2658
2024-05-15	CRISIL_LIQUID	2658.47
2024-05-16	CRISIL_LIQUID	2659.16
2024-05-17	CRISIL_LIQUID	2659.74
2024-05-20	CRISIL_LIQUID	2660.23
2024-05-21	CRISIL_LIQUID	2661.24
2024-05-22	CRISIL_LIQUID	2661.5
2024-05-23	CRISIL_LIQUID	2661.21
2024-05-24	CRISIL_LIQUID	2662.52
2024-05-27	CRISIL_LIQUID	2662.54
2024-05-28	CRISIL_LIQUID	2664.27
2024-05-29	CRISIL_LIQUID	2664.82
2024-05-30	CRISIL_LIQUID	2665.13
2024-05-31	CRISIL_LIQUID	2665.03
2024-06-03	CRISIL_LIQUID	2665.46
2024-06-04	CRISIL_LIQUID	2666.44
2024-06-05	CRISIL_LIQUID	2666.46
2024-06-06	CRISIL_LIQUID	2667.77
2024-06-07	CRISIL_LIQUID	2667.53
2024-06-10	CRISIL_LIQUID	2668.99
2024-06-11	CRISIL_LIQUID	2669.77
2024-06-12	CRISIL_LIQUID	2670.08
2024-06-13	CRISIL_LIQUID	2671.09
2024-06-14	CRISIL_LIQUID	2673.13
2024-06-17	CRISIL_LIQUID	2674.79
2024-06-18	CRISIL_LIQUID	2675.79
2024-06-19	CRISIL_LIQUID	2677.26
2024-06-20	CRISIL_LIQUID	2677.6
2024-06-21	CRISIL_LIQUID	2677.76
2024-06-24	CRISIL_LIQUID	2679.05
2024-06-25	CRISIL_LIQUID	2679.94
2024-06-26	CRISIL_LIQUID	2680.39
2024-06-27	CRISIL_LIQUID	2681.76
2024-06-28	CRISIL_LIQUID	2682.49
2024-07-01	CRISIL_LIQUID	2684.27
2024-07-02	CRISIL_LIQUID	2683.17
2024-07-03	CRISIL_LIQUID	2683.44
2024-07-04	CRISIL_LIQUID	2684.91
2024-07-05	CRISIL_LIQUID	2687
2024-07-08	CRISIL_LIQUID	2688.82
2024-07-09	CRISIL_LIQUID	2688.97
2024-07-10	CRISIL_LIQUID	2690.74
2024-07-11	CRISIL_LIQUID	2689.9
2024-07-12	CRISIL_LIQUID	2689.81
2024-07-15	CRISIL_LIQUID	2690.29
2024-07-16	CRISIL_LIQUID	2691.37
2024-07-17	CRISIL_LIQUID	2691.23
2024-07-18	CRISIL_LIQUID	2691.81
2024-07-19	CRISIL_LIQUID	2693.66
2024-07-22	CRISIL_LIQUID	2693.36
2024-07-23	CRISIL_LIQUID	2692.99
2024-07-24	CRISIL_LIQUID	2693.01
2024-07-25	CRISIL_LIQUID	2695.73
2024-07-26	CRISIL_LIQUID	2696.79
2024-07-29	CRISIL_LIQUID	2696.75
2024-07-30	CRISIL_LIQUID	2698.23
2024-07-31	CRISIL_LIQUID	2697.36
2024-08-01	CRISIL_LIQUID	2697.95
2024-08-02	CRISIL_LIQUID	2698.76
2024-08-05	CRISIL_LIQUID	2700.4
2024-08-06	CRISIL_LIQUID	2699.87
2024-08-07	CRISIL_LIQUID	2701.66
2024-08-08	CRISIL_LIQUID	2703.23
2024-08-09	CRISIL_LIQUID	2705.07
2024-08-12	CRISIL_LIQUID	2704.74
2024-08-13	CRISIL_LIQUID	2706.92
2024-08-14	CRISIL_LIQUID	2706.01
2024-08-15	CRISIL_LIQUID	2705.64
2024-08-16	CRISIL_LIQUID	2706.49
2024-08-19	CRISIL_LIQUID	2706.87
2024-08-20	CRISIL_LIQUID	2706.43
2024-08-21	CRISIL_LIQUID	2709.14
2024-08-22	CRISIL_LIQUID	2708.39
2024-08-23	CRISIL_LIQUID	2707.61
2024-08-26	CRISIL_LIQUID	2708.58
2024-08-27	CRISIL_LIQUID	2709.24
2024-08-28	CRISIL_LIQUID	2708.69
2024-08-29	CRISIL_LIQUID	2711.25
2024-08-30	CRISIL_LIQUID	2712.03
2024-09-02	CRISIL_LIQUID	2712.25
2024-09-03	CRISIL_LIQUID	2712.95
2024-09-04	CRISIL_LIQUID	2712.3
2024-09-05	CRISIL_LIQUID	2713.93
2024-09-06	CRISIL_LIQUID	2714.86
2024-09-09	CRISIL_LIQUID	2715.34
2024-09-10	CRISIL_LIQUID	2716.04
2024-09-11	CRISIL_LIQUID	2715.98
2024-09-12	CRISIL_LIQUID	2717.66
2024-09-13	CRISIL_LIQUID	2717.8
2024-09-16	CRISIL_LIQUID	2718.02
2024-09-17	CRISIL_LIQUID	2718.89
2024-09-18	CRISIL_LIQUID	2717.88
2024-09-19	CRISIL_LIQUID	2719.05
2024-09-20	CRISIL_LIQUID	2719.73
2024-09-23	CRISIL_LIQUID	2720.89
2024-09-24	CRISIL_LIQUID	2721.38
2024-09-25	CRISIL_LIQUID	2721.36
2024-09-26	CRISIL_LIQUID	2722.16
2024-09-27	CRISIL_LIQUID	2723.72
2024-09-30	CRISIL_LIQUID	2723.94
2024-10-01	CRISIL_LIQUID	2725.36
2024-10-02	CRISIL_LIQUID	2725.8
2024-10-03	CRISIL_LIQUID	2726.12
2024-10-04	CRISIL_LIQUID	2727.58
2024-10-07	CRISIL_LIQUID	2728.58
2024-10-08	CRISIL_LIQUID	2728.11
2024-10-09	CRISIL_LIQUID	2728.64
2024-10-10	CRISIL_LIQUID	2728.34
2024-10-11	CRISIL_LIQUID	2729.5
2024-10-14	CRISIL_LIQUID	2729.42
2024-10-15	CRISIL_LIQUID	2730.26
2024-10-16	CRISIL_LIQUID	2731.42
2024-10-17	CRISIL_LIQUID	2732.58
2024-10-18	CRISIL_LIQUID	2732.81
2024-10-21	CRISIL_LIQUID	2733.56
2024-10-22	CRISIL_LIQUID	2733.66
2024-10-23	CRISIL_LIQUID	2734
2024-10-24	CRISIL_LIQUID	2733.89
2024-10-25	CRISIL_LIQUID	2734.64
2024-10-28	CRISIL_LIQUID	2735.76
2024-10-29	CRISIL_LIQUID	2735.74
2024-10-30	CRISIL_LIQUID	2735.72
2024-10-31	CRISIL_LIQUID	2737.8
2024-11-01	CRISIL_LIQUID	2737.79
2024-11-04	CRISIL_LIQUID	2739.11
2024-11-05	CRISIL_LIQUID	2740.69
2024-11-06	CRISIL_LIQUID	2741.64
2024-11-07	CRISIL_LIQUID	2742.66
2024-11-08	CRISIL_LIQUID	2743.43
2024-11-11	CRISIL_LIQUID	2742.96
2024-11-12	CRISIL_LIQUID	2744.59
2024-11-13	CRISIL_LIQUID	2744.92
2024-11-14	CRISIL_LIQUID	2746.34
2024-11-15	CRISIL_LIQUID	2747.03
2024-11-18	CRISIL_LIQUID	2748.16
2024-11-19	CRISIL_LIQUID	2749.1
2024-11-20	CRISIL_LIQUID	2749.41
2024-11-21	CRISIL_LIQUID	2750.8
2024-11-22	CRISIL_LIQUID	2750.35
2024-11-25	CRISIL_LIQUID	2752.13
2024-11-26	CRISIL_LIQUID	2753.79
2024-11-27	CRISIL_LIQUID	2754.27
2024-11-28	CRISIL_LIQUID	2755.2
2024-11-29	CRISIL_LIQUID	2755.69
2024-12-02	CRISIL_LIQUID	2755.68
2024-12-03	CRISIL_LIQUID	2756.32
2024-12-04	CRISIL_LIQUID	2757.27
2024-12-05	CRISIL_LIQUID	2759.14
2024-12-06	CRISIL_LIQUID	2759.68
2024-12-09	CRISIL_LIQUID	2760.4
2024-12-10	CRISIL_LIQUID	2762.24
2024-12-11	CRISIL_LIQUID	2763.4
2024-12-12	CRISIL_LIQUID	2762.9
2024-12-13	CRISIL_LIQUID	2763.58
2024-12-16	CRISIL_LIQUID	2765.02
2024-12-17	CRISIL_LIQUID	2767.88
2024-12-18	CRISIL_LIQUID	2768.75
2024-12-19	CRISIL_LIQUID	2767.65
2024-12-20	CRISIL_LIQUID	2766.78
2024-12-23	CRISIL_LIQUID	2766.89
2024-12-24	CRISIL_LIQUID	2766.78
2024-12-25	CRISIL_LIQUID	2768.22
2024-12-26	CRISIL_LIQUID	2770.56
2024-12-27	CRISIL_LIQUID	2771.95
2024-12-30	CRISIL_LIQUID	2773.46
2024-12-31	CRISIL_LIQUID	2774.76
2025-01-01	CRISIL_LIQUID	2775.79
2025-01-02	CRISIL_LIQUID	2775.84
2025-01-03	CRISIL_LIQUID	2777.25
2025-01-06	CRISIL_LIQUID	2777.64
2025-01-07	CRISIL_LIQUID	2779.08
2025-01-08	CRISIL_LIQUID	2780.18
2025-01-09	CRISIL_LIQUID	2780.9
2025-01-10	CRISIL_LIQUID	2780.96
2025-01-13	CRISIL_LIQUID	2781.62
2025-01-14	CRISIL_LIQUID	2781.83
2025-01-15	CRISIL_LIQUID	2781.03
2025-01-16	CRISIL_LIQUID	2780.78
2025-01-17	CRISIL_LIQUID	2781.75
2025-01-20	CRISIL_LIQUID	2780.19
2025-01-21	CRISIL_LIQUID	2782.99
2025-01-22	CRISIL_LIQUID	2783.26
2025-01-23	CRISIL_LIQUID	2784.73
2025-01-24	CRISIL_LIQUID	2783.56
2025-01-27	CRISIL_LIQUID	2783.42
2025-01-28	CRISIL_LIQUID	2785.06
2025-01-29	CRISIL_LIQUID	2786.15
2025-01-30	CRISIL_LIQUID	2786.52
2025-01-31	CRISIL_LIQUID	2788.99
2025-02-03	CRISIL_LIQUID	2788.46
2025-02-04	CRISIL_LIQUID	2790.15
2025-02-05	CRISIL_LIQUID	2790.49
2025-02-06	CRISIL_LIQUID	2790.46
2025-02-07	CRISIL_LIQUID	2789.45
2025-02-10	CRISIL_LIQUID	2788.57
2025-02-11	CRISIL_LIQUID	2789.41
2025-02-12	CRISIL_LIQUID	2790.2
2025-02-13	CRISIL_LIQUID	2790.25
2025-02-14	CRISIL_LIQUID	2790.79
2025-02-17	CRISIL_LIQUID	2791.38
2025-02-18	CRISIL_LIQUID	2791.69
2025-02-19	CRISIL_LIQUID	2791.53
2025-02-20	CRISIL_LIQUID	2792.71
2025-02-21	CRISIL_LIQUID	2794.53
2025-02-24	CRISIL_LIQUID	2795.58
2025-02-25	CRISIL_LIQUID	2796.68
2025-02-26	CRISIL_LIQUID	2798.07
2025-02-27	CRISIL_LIQUID	2798.59
2025-02-28	CRISIL_LIQUID	2798.74
2025-03-03	CRISIL_LIQUID	2797.71
2025-03-04	CRISIL_LIQUID	2797.95
2025-03-05	CRISIL_LIQUID	2798.11
2025-03-06	CRISIL_LIQUID	2797.91
2025-03-07	CRISIL_LIQUID	2798.84
2025-03-10	CRISIL_LIQUID	2799.39
2025-03-11	CRISIL_LIQUID	2800.49
2025-03-12	CRISIL_LIQUID	2800.22
2025-03-13	CRISIL_LIQUID	2799.59
2025-03-14	CRISIL_LIQUID	2800.91
2025-03-17	CRISIL_LIQUID	2802.36
2025-03-18	CRISIL_LIQUID	2802.34
2025-03-19	CRISIL_LIQUID	2802.75
2025-03-20	CRISIL_LIQUID	2803.71
2025-03-21	CRISIL_LIQUID	2804.95
2025-03-24	CRISIL_LIQUID	2804.12
2025-03-25	CRISIL_LIQUID	2805.71
2025-03-26	CRISIL_LIQUID	2805.26
2025-03-27	CRISIL_LIQUID	2804.74
2025-03-28	CRISIL_LIQUID	2805.1
2025-03-31	CRISIL_LIQUID	2805.44
2025-04-01	CRISIL_LIQUID	2806.19
2025-04-02	CRISIL_LIQUID	2807.05
2025-04-03	CRISIL_LIQUID	2809.28
2025-04-04	CRISIL_LIQUID	2809.2
2025-04-07	CRISIL_LIQUID	2810.86
2025-04-08	CRISIL_LIQUID	2810.28
2025-04-09	CRISIL_LIQUID	2809.91
2025-04-10	CRISIL_LIQUID	2809.8
2025-04-11	CRISIL_LIQUID	2808.82
2025-04-14	CRISIL_LIQUID	2809.94
2025-04-15	CRISIL_LIQUID	2811.75
2025-04-16	CRISIL_LIQUID	2813.27
2025-04-17	CRISIL_LIQUID	2812.63
2025-04-18	CRISIL_LIQUID	2815.38
2025-04-21	CRISIL_LIQUID	2816.2
2025-04-22	CRISIL_LIQUID	2818.3
2025-04-23	CRISIL_LIQUID	2818.91
2025-04-24	CRISIL_LIQUID	2819.52
2025-04-25	CRISIL_LIQUID	2819.91
2025-04-28	CRISIL_LIQUID	2822.48
2025-04-29	CRISIL_LIQUID	2824.44
2025-04-30	CRISIL_LIQUID	2825.11
2025-05-01	CRISIL_LIQUID	2825.56
2025-05-02	CRISIL_LIQUID	2826.95
2025-05-05	CRISIL_LIQUID	2826.02
2025-05-06	CRISIL_LIQUID	2824.81
2025-05-07	CRISIL_LIQUID	2824.62
2025-05-08	CRISIL_LIQUID	2825.68
2025-05-09	CRISIL_LIQUID	2827.36
2025-05-12	CRISIL_LIQUID	2826.98
2025-05-13	CRISIL_LIQUID	2829.08
2025-05-14	CRISIL_LIQUID	2829.33
2025-05-15	CRISIL_LIQUID	2830.44
2025-05-16	CRISIL_LIQUID	2830.69
2025-05-19	CRISIL_LIQUID	2831.32
2025-05-20	CRISIL_LIQUID	2833.66
2025-05-21	CRISIL_LIQUID	2833.91
2025-05-22	CRISIL_LIQUID	2833.8
2025-05-23	CRISIL_LIQUID	2835.13
2025-05-26	CRISIL_LIQUID	2836.73
2025-05-27	CRISIL_LIQUID	2836.11
2025-05-28	CRISIL_LIQUID	2837.17
2025-05-29	CRISIL_LIQUID	2838.39
2025-05-30	CRISIL_LIQUID	2840.68
2025-06-02	CRISIL_LIQUID	2841.05
2025-06-03	CRISIL_LIQUID	2842.99
2025-06-04	CRISIL_LIQUID	2843.87
2025-06-05	CRISIL_LIQUID	2844.33
2025-06-06	CRISIL_LIQUID	2844.4
2025-06-09	CRISIL_LIQUID	2845.58
2025-06-10	CRISIL_LIQUID	2845.27
2025-06-11	CRISIL_LIQUID	2845.02
2025-06-12	CRISIL_LIQUID	2846.3
2025-06-13	CRISIL_LIQUID	2848.69
2025-06-16	CRISIL_LIQUID	2848.15
2025-06-17	CRISIL_LIQUID	2848.23
2025-06-18	CRISIL_LIQUID	2849.23
2025-06-19	CRISIL_LIQUID	2849.47
2025-06-20	CRISIL_LIQUID	2848.51
2025-06-23	CRISIL_LIQUID	2848.48
2025-06-24	CRISIL_LIQUID	2849.66
2025-06-25	CRISIL_LIQUID	2850.14
2025-06-26	CRISIL_LIQUID	2851.2
2025-06-27	CRISIL_LIQUID	2850.72
2025-06-30	CRISIL_LIQUID	2851.75
2025-07-01	CRISIL_LIQUID	2850.61
2025-07-02	CRISIL_LIQUID	2852.04
2025-07-03	CRISIL_LIQUID	2854.01
2025-07-04	CRISIL_LIQUID	2853.49
2025-07-07	CRISIL_LIQUID	2853.71
2025-07-08	CRISIL_LIQUID	2853.12
2025-07-09	CRISIL_LIQUID	2853.94
2025-07-10	CRISIL_LIQUID	2854.81
2025-07-11	CRISIL_LIQUID	2854.34
2025-07-14	CRISIL_LIQUID	2854.56
2025-07-15	CRISIL_LIQUID	2856.26
2025-07-16	CRISIL_LIQUID	2857.5
2025-07-17	CRISIL_LIQUID	2858.41
2025-07-18	CRISIL_LIQUID	2860.14
2025-07-21	CRISIL_LIQUID	2862.51
2025-07-22	CRISIL_LIQUID	2863.37
2025-07-23	CRISIL_LIQUID	2864.38
2025-07-24	CRISIL_LIQUID	2864.87
2025-07-25	CRISIL_LIQUID	2865.76
2025-07-28	CRISIL_LIQUID	2865.86
2025-07-29	CRISIL_LIQUID	2865.08
2025-07-30	CRISIL_LIQUID	2866.54
2025-07-31	CRISIL_LIQUID	2867.91
2025-08-01	CRISIL_LIQUID	2868.71
2025-08-04	CRISIL_LIQUID	2869.57
2025-08-05	CRISIL_LIQUID	2869.68
2025-08-06	CRISIL_LIQUID	2871.51
2025-08-07	CRISIL_LIQUID	2871.15
2025-08-08	CRISIL_LIQUID	2873.16
2025-08-11	CRISIL_LIQUID	2874.43
2025-08-12	CRISIL_LIQUID	2875.44
2025-08-13	CRISIL_LIQUID	2876.5
2025-08-14	CRISIL_LIQUID	2878.16
2025-08-15	CRISIL_LIQUID	2878.39
2025-08-18	CRISIL_LIQUID	2879.85
2025-08-19	CRISIL_LIQUID	2880.23
2025-08-20	CRISIL_LIQUID	2881.4
2025-08-21	CRISIL_LIQUID	2880.71
2025-08-22	CRISIL_LIQUID	2880.84
2025-08-25	CRISIL_LIQUID	2883.18
2025-08-26	CRISIL_LIQUID	2885.13
2025-08-27	CRISIL_LIQUID	2887.37
2025-08-28	CRISIL_LIQUID	2889.16
2025-08-29	CRISIL_LIQUID	2889.33
2025-09-01	CRISIL_LIQUID	2889.61
2025-09-02	CRISIL_LIQUID	2891.25
2025-09-03	CRISIL_LIQUID	2892.98
2025-09-04	CRISIL_LIQUID	2894.99
2025-09-05	CRISIL_LIQUID	2895.92
2025-09-08	CRISIL_LIQUID	2896.6
2025-09-09	CRISIL_LIQUID	2898.44
2025-09-10	CRISIL_LIQUID	2897.8
2025-09-11	CRISIL_LIQUID	2898.39
2025-09-12	CRISIL_LIQUID	2898.9
2025-09-15	CRISIL_LIQUID	2899.42
2025-09-16	CRISIL_LIQUID	2901.38
2025-09-17	CRISIL_LIQUID	2902.7
2025-09-18	CRISIL_LIQUID	2903.56
2025-09-19	CRISIL_LIQUID	2902.91
2025-09-22	CRISIL_LIQUID	2902.62
2025-09-23	CRISIL_LIQUID	2904.11
2025-09-24	CRISIL_LIQUID	2905.09
2025-09-25	CRISIL_LIQUID	2906.97
2025-09-26	CRISIL_LIQUID	2907.07
2025-09-29	CRISIL_LIQUID	2907.86
2025-09-30	CRISIL_LIQUID	2908.45
2025-10-01	CRISIL_LIQUID	2910.01
2025-10-02	CRISIL_LIQUID	2912.65
2025-10-03	CRISIL_LIQUID	2912.89
2025-10-06	CRISIL_LIQUID	2911.77
2025-10-07	CRISIL_LIQUID	2912.97
2025-10-08	CRISIL_LIQUID	2914.1
2025-10-09	CRISIL_LIQUID	2913.19
2025-10-10	CRISIL_LIQUID	2913.03
2025-10-13	CRISIL_LIQUID	2913.38
2025-10-14	CRISIL_LIQUID	2915.18
2025-10-15	CRISIL_LIQUID	2914.99
2025-10-16	CRISIL_LIQUID	2915.5
2025-10-17	CRISIL_LIQUID	2914.44
2025-10-20	CRISIL_LIQUID	2915.64
2025-10-21	CRISIL_LIQUID	2915.25
2025-10-22	CRISIL_LIQUID	2918
2025-10-23	CRISIL_LIQUID	2917.97
2025-10-24	CRISIL_LIQUID	2919.6
2025-10-27	CRISIL_LIQUID	2920.84
2025-10-28	CRISIL_LIQUID	2920.8
2025-10-29	CRISIL_LIQUID	2922.57
2025-10-30	CRISIL_LIQUID	2921.47
2025-10-31	CRISIL_LIQUID	2922.2
2025-11-03	CRISIL_LIQUID	2923.6
2025-11-04	CRISIL_LIQUID	2924.13
2025-11-05	CRISIL_LIQUID	2923.83
2025-11-06	CRISIL_LIQUID	2926.04
2025-11-07	CRISIL_LIQUID	2926.68
2025-11-10	CRISIL_LIQUID	2926.92
2025-11-11	CRISIL_LIQUID	2926.66
2025-11-12	CRISIL_LIQUID	2927.5
2025-11-13	CRISIL_LIQUID	2928.06
2025-11-14	CRISIL_LIQUID	2928.55
2025-11-17	CRISIL_LIQUID	2930.83
2025-11-18	CRISIL_LIQUID	2933.09
2025-11-19	CRISIL_LIQUID	2934.08
2025-11-20	CRISIL_LIQUID	2935.47
2025-11-21	CRISIL_LIQUID	2934.85
2025-11-24	CRISIL_LIQUID	2935.69
2025-11-25	CRISIL_LIQUID	2936.7
2025-11-26	CRISIL_LIQUID	2937.26
2025-11-27	CRISIL_LIQUID	2937.61
2025-11-28	CRISIL_LIQUID	2937.64
2025-12-01	CRISIL_LIQUID	2938.43
2025-12-02	CRISIL_LIQUID	2940.25
2025-12-03	CRISIL_LIQUID	2942.22
2025-12-04	CRISIL_LIQUID	2942.98
2025-12-05	CRISIL_LIQUID	2944.73
2025-12-08	CRISIL_LIQUID	2944.62
2025-12-09	CRISIL_LIQUID	2945.9
2025-12-10	CRISIL_LIQUID	2946.56
2025-12-11	CRISIL_LIQUID	2946.69
2025-12-12	CRISIL_LIQUID	2949.45
2025-12-15	CRISIL_LIQUID	2949.77
2025-12-16	CRISIL_LIQUID	2950.19
2025-12-17	CRISIL_LIQUID	2950.53
2025-12-18	CRISIL_LIQUID	2951.61
2025-12-19	CRISIL_LIQUID	2953.62
2025-12-22	CRISIL_LIQUID	2953.31
2025-12-23	CRISIL_LIQUID	2954.52
2025-12-24	CRISIL_LIQUID	2955.61
2025-12-25	CRISIL_LIQUID	2954.87
2025-12-26	CRISIL_LIQUID	2956.89
2025-12-29	CRISIL_LIQUID	2957.9
2025-12-30	CRISIL_LIQUID	2959.34
2025-12-31	CRISIL_LIQUID	2958.17
2026-01-01	CRISIL_LIQUID	2960.3
2026-01-02	CRISIL_LIQUID	2962.98
2026-01-05	CRISIL_LIQUID	2963.61
2026-01-06	CRISIL_LIQUID	2963.7
2026-01-07	CRISIL_LIQUID	2962.18
2026-01-08	CRISIL_LIQUID	2961.73
2026-01-09	CRISIL_LIQUID	2963.27
2026-01-12	CRISIL_LIQUID	2964.01
2026-01-13	CRISIL_LIQUID	2963.36
2026-01-14	CRISIL_LIQUID	2965.55
2026-01-15	CRISIL_LIQUID	2965.69
2026-01-16	CRISIL_LIQUID	2965.07
2026-01-19	CRISIL_LIQUID	2965.88
2026-01-20	CRISIL_LIQUID	2967.12
2026-01-21	CRISIL_LIQUID	2966.63
2026-01-22	CRISIL_LIQUID	2967.12
2026-01-23	CRISIL_LIQUID	2969.32
2026-01-26	CRISIL_LIQUID	2968.82
2026-01-27	CRISIL_LIQUID	2969.91
2026-01-28	CRISIL_LIQUID	2970.38
2026-01-29	CRISIL_LIQUID	2971.65
2026-01-30	CRISIL_LIQUID	2971.44
2026-02-02	CRISIL_LIQUID	2972.42
2026-02-03	CRISIL_LIQUID	2972.3
2026-02-04	CRISIL_LIQUID	2971.19
2026-02-05	CRISIL_LIQUID	2970.64
2026-02-06	CRISIL_LIQUID	2971.2
2026-02-09	CRISIL_LIQUID	2972.18
2026-02-10	CRISIL_LIQUID	2974.08
2026-02-11	CRISIL_LIQUID	2975.19
2026-02-12	CRISIL_LIQUID	2977.42
2026-02-13	CRISIL_LIQUID	2978
2026-02-16	CRISIL_LIQUID	2979.28
2026-02-17	CRISIL_LIQUID	2979.13
2026-02-18	CRISIL_LIQUID	2980.19
2026-02-19	CRISIL_LIQUID	2980.61
2026-02-20	CRISIL_LIQUID	2980.93
2026-02-23	CRISIL_LIQUID	2981.76
2026-02-24	CRISIL_LIQUID	2981.2
2026-02-25	CRISIL_LIQUID	2982.28
2026-02-26	CRISIL_LIQUID	2983.71
2026-02-27	CRISIL_LIQUID	2983.82
2026-03-02	CRISIL_LIQUID	2984.76
2026-03-03	CRISIL_LIQUID	2986.71
2026-03-04	CRISIL_LIQUID	2988.19
2026-03-05	CRISIL_LIQUID	2988.83
2026-03-06	CRISIL_LIQUID	2989.98
2026-03-09	CRISIL_LIQUID	2992.15
2026-03-10	CRISIL_LIQUID	2993.17
2026-03-11	CRISIL_LIQUID	2994.83
2026-03-12	CRISIL_LIQUID	2996.35
2026-03-13	CRISIL_LIQUID	2997.22
2026-03-16	CRISIL_LIQUID	2999.21
2026-03-17	CRISIL_LIQUID	2999.03
2026-03-18	CRISIL_LIQUID	3000.2
2026-03-19	CRISIL_LIQUID	3000.46
2026-03-20	CRISIL_LIQUID	3002.07
2026-03-23	CRISIL_LIQUID	3002.83
2026-03-24	CRISIL_LIQUID	3004.51
2026-03-25	CRISIL_LIQUID	3006.01
2026-03-26	CRISIL_LIQUID	3006.39
2026-03-27	CRISIL_LIQUID	3007.67
2026-03-30	CRISIL_LIQUID	3008.88
2026-03-31	CRISIL_LIQUID	3009.46
2026-04-01	CRISIL_LIQUID	3011.06
2026-04-02	CRISIL_LIQUID	3011.73
2026-04-03	CRISIL_LIQUID	3011.77
2026-04-06	CRISIL_LIQUID	3012.82
2026-04-07	CRISIL_LIQUID	3014.03
2026-04-08	CRISIL_LIQUID	3011.98
2026-04-09	CRISIL_LIQUID	3015.03
2026-04-10	CRISIL_LIQUID	3018.5
2026-04-13	CRISIL_LIQUID	3018.49
2026-04-14	CRISIL_LIQUID	3019.85
2026-04-15	CRISIL_LIQUID	3019.61
2026-04-16	CRISIL_LIQUID	3018.81
2026-04-17	CRISIL_LIQUID	3019.15
2026-04-20	CRISIL_LIQUID	3018.62
2026-04-21	CRISIL_LIQUID	3019.9
2026-04-22	CRISIL_LIQUID	3021.52
2026-04-23	CRISIL_LIQUID	3023.97
2026-04-24	CRISIL_LIQUID	3024.8
2026-04-27	CRISIL_LIQUID	3026.4
2026-04-28	CRISIL_LIQUID	3027.55
2026-04-29	CRISIL_LIQUID	3028.61
2026-04-30	CRISIL_LIQUID	3028.44
2026-05-01	CRISIL_LIQUID	3028.99
2026-05-04	CRISIL_LIQUID	3029.42
2026-05-05	CRISIL_LIQUID	3030.77
2026-05-06	CRISIL_LIQUID	3029.54
2026-05-07	CRISIL_LIQUID	3031.32
2026-05-08	CRISIL_LIQUID	3031.85
2026-05-11	CRISIL_LIQUID	3032
2026-05-12	CRISIL_LIQUID	3033.11
2026-05-13	CRISIL_LIQUID	3033.87
2026-05-14	CRISIL_LIQUID	3034.8
2026-05-15	CRISIL_LIQUID	3036.84
2026-05-18	CRISIL_LIQUID	3035.91
2026-05-19	CRISIL_LIQUID	3035.36
2026-05-20	CRISIL_LIQUID	3035.61
2026-05-21	CRISIL_LIQUID	3037.74
2026-05-22	CRISIL_LIQUID	3039.28
2026-05-25	CRISIL_LIQUID	3039.94
2026-05-26	CRISIL_LIQUID	3041.31
2026-05-27	CRISIL_LIQUID	3042.89
2026-05-28	CRISIL_LIQUID	3044.18
2026-05-29	CRISIL_LIQUID	3046
2022-01-03	CRISIL_GILT	1451.06
2022-01-04	CRISIL_GILT	1453.26
2022-01-05	CRISIL_GILT	1455.5
2022-01-06	CRISIL_GILT	1454.41
2022-01-07	CRISIL_GILT	1454.33
2022-01-10	CRISIL_GILT	1456.61
2022-01-11	CRISIL_GILT	1453.45
2022-01-12	CRISIL_GILT	1451.21
2022-01-13	CRISIL_GILT	1450.67
2022-01-14	CRISIL_GILT	1451.29
2022-01-17	CRISIL_GILT	1451.63
2022-01-18	CRISIL_GILT	1451.98
2022-01-19	CRISIL_GILT	1452.89
2022-01-20	CRISIL_GILT	1452.45
2022-01-21	CRISIL_GILT	1450.36
2022-01-24	CRISIL_GILT	1450.91
2022-01-25	CRISIL_GILT	1453.66
2022-01-26	CRISIL_GILT	1457.24
2022-01-27	CRISIL_GILT	1450.36
2022-01-28	CRISIL_GILT	1447.15
2022-01-31	CRISIL_GILT	1451.01
2022-02-01	CRISIL_GILT	1450.41
2022-02-02	CRISIL_GILT	1444.13
2022-02-03	CRISIL_GILT	1448.99
2022-02-04	CRISIL_GILT	1453.09
2022-02-07	CRISIL_GILT	1449.18
2022-02-08	CRISIL_GILT	1445.31
2022-02-09	CRISIL_GILT	1456.63
2022-02-10	CRISIL_GILT	1453.68
2022-02-11	CRISIL_GILT	1458.56
2022-02-14	CRISIL_GILT	1464.67
2022-02-15	CRISIL_GILT	1459.74
2022-02-16	CRISIL_GILT	1456.81
2022-02-17	CRISIL_GILT	1461.01
2022-02-18	CRISIL_GILT	1456.42
2022-02-21	CRISIL_GILT	1452.91
2022-02-22	CRISIL_GILT	1452.61
2022-02-23	CRISIL_GILT	1452.57
2022-02-24	CRISIL_GILT	1456.98
2022-02-25	CRISIL_GILT	1459.47
2022-02-28	CRISIL_GILT	1460.64
2022-03-01	CRISIL_GILT	1460.52
2022-03-02	CRISIL_GILT	1457.07
2022-03-03	CRISIL_GILT	1461.96
2022-03-04	CRISIL_GILT	1462.89
2022-03-07	CRISIL_GILT	1465.73
2022-03-08	CRISIL_GILT	1466.97
2022-03-09	CRISIL_GILT	1467.8
2022-03-10	CRISIL_GILT	1468.61
2022-03-11	CRISIL_GILT	1469.04
2022-03-14	CRISIL_GILT	1468.94
2022-03-15	CRISIL_GILT	1467.14
2022-03-16	CRISIL_GILT	1469.53
2022-03-17	CRISIL_GILT	1474.12
2022-03-18	CRISIL_GILT	1475.43
2022-03-21	CRISIL_GILT	1481.84
2022-03-22	CRISIL_GILT	1480.54
2022-03-23	CRISIL_GILT	1489
2022-03-24	CRISIL_GILT	1491.09
2022-03-25	CRISIL_GILT	1481.13
2022-03-28	CRISIL_GILT	1488.71
2022-03-29	CRISIL_GILT	1485.57
2022-03-30	CRISIL_GILT	1486.78
2022-03-31	CRISIL_GILT	1489.12
2022-04-01	CRISIL_GILT	1489.8
2022-04-04	CRISIL_GILT	1489.81
2022-04-05	CRISIL_GILT	1487.83
2022-04-06	CRISIL_GILT	1486.33
2022-04-07	CRISIL_GILT	1491.21
2022-04-08	CRISIL_GILT	1487.82
2022-04-11	CRISIL_GILT	1488.45
2022-04-12	CRISIL_GILT	1491.54
2022-04-13	CRISIL_GILT	1488.01
2022-04-14	CRISIL_GILT	1490.18
2022-04-15	CRISIL_GILT	1494.55
2022-04-18	CRISIL_GILT	1496.31
2022-04-19	CRISIL_GILT	1500.99
2022-04-20	CRISIL_GILT	1501.26
2022-04-21	CRISIL_GILT	1498.49
2022-04-22	CRISIL_GILT	1498.34
2022-04-25	CRISIL_GILT	1493.62
2022-04-26	CRISIL_GILT	1503.02
2022-04-27	CRISIL_GILT	1503.42
2022-04-28	CRISIL_GILT	1496.73
2022-04-29	CRISIL_GILT	1494.7
2022-05-02	CRISIL_GILT	1494.38
2022-05-03	CRISIL_GILT	1489.99
2022-05-04	CRISIL_GILT	1485.58
2022-05-05	CRISIL_GILT	1484.72
2022-05-06	CRISIL_GILT	1487.17
2022-05-09	CRISIL_GILT	1491.16
2022-05-10	CRISIL_GILT	1495.78
2022-05-11	CRISIL_GILT	1493.99
2022-05-12	CRISIL_GILT	1484.38
2022-05-13	CRISIL_GILT	1491.47
2022-05-16	CRISIL_GILT	1491.08
2022-05-17	CRISIL_GILT	1489.87
2022-05-18	CRISIL_GILT	1494.95
2022-05-19	CRISIL_GILT	1494.21
2022-05-20	CRISIL_GILT	1496.48
2022-05-23	CRISIL_GILT	1497.84
2022-05-24	CRISIL_GILT	1493.6
2022-05-25	CRISIL_GILT	1489.94
2022-05-26	CRISIL_GILT	1489.54
2022-05-27	CRISIL_GILT	1489.9
2022-05-30	CRISIL_GILT	1487.99
2022-05-31	CRISIL_GILT	1486.05
2022-06-01	CRISIL_GILT	1486.21
2022-06-02	CRISIL_GILT	1484
2022-06-03	CRISIL_GILT	1487.77
2022-06-06	CRISIL_GILT	1489.32
2022-06-07	CRISIL_GILT	1487.77
2022-06-08	CRISIL_GILT	1490.4
2022-06-09	CRISIL_GILT	1495.84
2022-06-10	CRISIL_GILT	1496.93
2022-06-13	CRISIL_GILT	1491.92
2022-06-14	CRISIL_GILT	1498.27
2022-06-15	CRISIL_GILT	1505.01
2022-06-16	CRISIL_GILT	1510.15
2022-06-17	CRISIL_GILT	1512.99
2022-06-20	CRISIL_GILT	1515.36
2022-06-21	CRISIL_GILT	1516.33
2022-06-22	CRISIL_GILT	1517.14
2022-06-23	CRISIL_GILT	1513.13
2022-06-24	CRISIL_GILT	1509.22
2022-06-27	CRISIL_GILT	1506.31
2022-06-28	CRISIL_GILT	1499.13
2022-06-29	CRISIL_GILT	1494.85
2022-06-30	CRISIL_GILT	1495.26
2022-07-01	CRISIL_GILT	1487.29
2022-07-04	CRISIL_GILT	1484.15
2022-07-05	CRISIL_GILT	1483.71
2022-07-06	CRISIL_GILT	1481.27
2022-07-07	CRISIL_GILT	1480.44
2022-07-08	CRISIL_GILT	1481.93
2022-07-11	CRISIL_GILT	1485.95
2022-07-12	CRISIL_GILT	1483.61
2022-07-13	CRISIL_GILT	1482.9
2022-07-14	CRISIL_GILT	1475.08
2022-07-15	CRISIL_GILT	1477.71
2022-07-18	CRISIL_GILT	1474.92
2022-07-19	CRISIL_GILT	1476.62
2022-07-20	CRISIL_GILT	1475.87
2022-07-21	CRISIL_GILT	1484.62
2022-07-22	CRISIL_GILT	1491.91
2022-07-25	CRISIL_GILT	1494.7
2022-07-26	CRISIL_GILT	1496.73
2022-07-27	CRISIL_GILT	1498.12
2022-07-28	CRISIL_GILT	1496.81
2022-07-29	CRISIL_GILT	1494.33
2022-08-01	CRISIL_GILT	1491.22
2022-08-02	CRISIL_GILT	1489.27
2022-08-03	CRISIL_GILT	1491.27
2022-08-04	CRISIL_GILT	1490.8
2022-08-05	CRISIL_GILT	1483.56
2022-08-08	CRISIL_GILT	1493.61
2022-08-09	CRISIL_GILT	1493.42
2022-08-10	CRISIL_GILT	1501.96
2022-08-11	CRISIL_GILT	1500.87
2022-08-12	CRISIL_GILT	1500.36
2022-08-15	CRISIL_GILT	1504.3
2022-08-16	CRISIL_GILT	1503.6
2022-08-17	CRISIL_GILT	1505.55
2022-08-18	CRISIL_GILT	1504.74
2022-08-19	CRISIL_GILT	1503.35
2022-08-22	CRISIL_GILT	1509.62
2022-08-23	CRISIL_GILT	1505.46
2022-08-24	CRISIL_GILT	1503.96
2022-08-25	CRISIL_GILT	1511.33
2022-08-26	CRISIL_GILT	1510.5
2022-08-29	CRISIL_GILT	1505.35
2022-08-30	CRISIL_GILT	1508.11
2022-08-31	CRISIL_GILT	1508.41
2022-09-01	CRISIL_GILT	1510.55
2022-09-02	CRISIL_GILT	1511.23
2022-09-05	CRISIL_GILT	1507.46
2022-09-06	CRISIL_GILT	1508.8
2022-09-07	CRISIL_GILT	1514.05
2022-09-08	CRISIL_GILT	1512.57
2022-09-09	CRISIL_GILT	1509.63
2022-09-12	CRISIL_GILT	1509.4
2022-09-13	CRISIL_GILT	1509.04
2022-09-14	CRISIL_GILT	1508.25
2022-09-15	CRISIL_GILT	1513.38
2022-09-16	CRISIL_GILT	1514.74
2022-09-19	CRISIL_GILT	1521.52
2022-09-20	CRISIL_GILT	1522.82
2022-09-21	CRISIL_GILT	1524.64
2022-09-22	CRISIL_GILT	1533.48
2022-09-23	CRISIL_GILT	1535.24
2022-09-26	CRISIL_GILT	1534.69
2022-09-27	CRISIL_GILT	1531.49
2022-09-28	CRISIL_GILT	1528.64
2022-09-29	CRISIL_GILT	1527.47
2022-09-30	CRISIL_GILT	1526.94
2022-10-03	CRISIL_GILT	1519.46
2022-10-04	CRISIL_GILT	1519.83
2022-10-05	CRISIL_GILT	1509.85
2022-10-06	CRISIL_GILT	1515.15
2022-10-07	CRISIL_GILT	1508.39
2022-10-10	CRISIL_GILT	1509.52
2022-10-11	CRISIL_GILT	1510.51
2022-10-12	CRISIL_GILT	1516.06
2022-10-13	CRISIL_GILT	1517.01
2022-10-14	CRISIL_GILT	1517.07
2022-10-17	CRISIL_GILT	1518.71
2022-10-18	CRISIL_GILT	1517.12
2022-10-19	CRISIL_GILT	1515.6
2022-10-20	CRISIL_GILT	1516.85
2022-10-21	CRISIL_GILT	1516.16
2022-10-24	CRISIL_GILT	1519.05
2022-10-25	CRISIL_GILT	1516.11
2022-10-26	CRISIL_GILT	1520.19
2022-10-27	CRISIL_GILT	1522.42
2022-10-28	CRISIL_GILT	1522.96
2022-10-31	CRISIL_GILT	1517.49
2022-11-01	CRISIL_GILT	1521.13
2022-11-02	CRISIL_GILT	1529.11
2022-11-03	CRISIL_GILT	1527.76
2022-11-04	CRISIL_GILT	1531.51
2022-11-07	CRISIL_GILT	1531.5
2022-11-08	CRISIL_GILT	1527.71
2022-11-09	CRISIL_GILT	1525.2
2022-11-10	CRISIL_GILT	1525.22
2022-11-11	CRISIL_GILT	1527.4
2022-11-14	CRISIL_GILT	1522.23
2022-11-15	CRISIL_GILT	1519.96
2022-11-16	CRISIL_GILT	1520.52
2022-11-17	CRISIL_GILT	1516.13
2022-11-18	CRISIL_GILT	1518.06
2022-11-21	CRISIL_GILT	1525.11
2022-11-22	CRISIL_GILT	1525.15
2022-11-23	CRISIL_GILT	1528.42
2022-11-24	CRISIL_GILT	1523.95
2022-11-25	CRISIL_GILT	1521.96
2022-11-28	CRISIL_GILT	1526.22
2022-11-29	CRISIL_GILT	1521.42
2022-11-30	CRISIL_GILT	1519.13
2022-12-01	CRISIL_GILT	1523.95
2022-12-02	CRISIL_GILT	1522.04
2022-12-05	CRISIL_GILT	1514.82
2022-12-06	CRISIL_GILT	1513.11
2022-12-07	CRISIL_GILT	1520.2
2022-12-08	CRISIL_GILT	1526.16
2022-12-09	CRISIL_GILT	1526.3
2022-12-12	CRISIL_GILT	1525.84
2022-12-13	CRISIL_GILT	1535.37
2022-12-14	CRISIL_GILT	1532.19
2022-12-15	CRISIL_GILT	1530.15
2022-12-16	CRISIL_GILT	1534.68
2022-12-19	CRISIL_GILT	1531.77
2022-12-20	CRISIL_GILT	1533.63
2022-12-21	CRISIL_GILT	1529.29
2022-12-22	CRISIL_GILT	1535.49
2022-12-23	CRISIL_GILT	1534.25
2022-12-26	CRISIL_GILT	1532.18
2022-12-27	CRISIL_GILT	1529.37
2022-12-28	CRISIL_GILT	1525.38
2022-12-29	CRISIL_GILT	1524.47
2022-12-30	CRISIL_GILT	1515.87
2023-01-02	CRISIL_GILT	1512.14
2023-01-03	CRISIL_GILT	1512.64
2023-01-04	CRISIL_GILT	1513.41
2023-01-05	CRISIL_GILT	1513.57
2023-01-06	CRISIL_GILT	1511.11
2023-01-09	CRISIL_GILT	1517.32
2023-01-10	CRISIL_GILT	1521.08
2023-01-11	CRISIL_GILT	1521.12
2023-01-12	CRISIL_GILT	1521.11
2023-01-13	CRISIL_GILT	1519.73
2023-01-16	CRISIL_GILT	1517.7
2023-01-17	CRISIL_GILT	1517.53
2023-01-18	CRISIL_GILT	1521.59
2023-01-19	CRISIL_GILT	1520.31
2023-01-20	CRISIL_GILT	1525.66
2023-01-23	CRISIL_GILT	1523.59
2023-01-24	CRISIL_GILT	1529.77
2023-01-25	CRISIL_GILT	1529.06
2023-01-26	CRISIL_GILT	1532.12
2023-01-27	CRISIL_GILT	1541.37
2023-01-30	CRISIL_GILT	1551.24
2023-01-31	CRISIL_GILT	1546.44
2023-02-01	CRISIL_GILT	1550.92
2023-02-02	CRISIL_GILT	1547.67
2023-02-03	CRISIL_GILT	1549.58
2023-02-06	CRISIL_GILT	1551.93
2023-02-07	CRISIL_GILT	1555.75
2023-02-08	CRISIL_GILT	1551.18
2023-02-09	CRISIL_GILT	1547.03
2023-02-10	CRISIL_GILT	1544.24
2023-02-13	CRISIL_GILT	1546.96
2023-02-14	CRISIL_GILT	1548.36
2023-02-15	CRISIL_GILT	1550.41
2023-02-16	CRISIL_GILT	1546.26
2023-02-17	CRISIL_GILT	1547.35
2023-02-20	CRISIL_GILT	1545.23
2023-02-21	CRISIL_GILT	1543.27
2023-02-22	CRISIL_GILT	1543.22
2023-02-23	CRISIL_GILT	1537.77
2023-02-24	CRISIL_GILT	1540.27
2023-02-27	CRISIL_GILT	1535.16
2023-02-28	CRISIL_GILT	1534.01
2023-03-01	CRISIL_GILT	1537.31
2023-03-02	CRISIL_GILT	1531.91
2023-03-03	CRISIL_GILT	1526.94
2023-03-06	CRISIL_GILT	1531.37
2023-03-07	CRISIL_GILT	1527.66
2023-03-08	CRISIL_GILT	1531.83
2023-03-09	CRISIL_GILT	1533.96
2023-03-10	CRISIL_GILT	1529.23
2023-03-13	CRISIL_GILT	1530.33
2023-03-14	CRISIL_GILT	1532.51
2023-03-15	CRISIL_GILT	1527.57
2023-03-16	CRISIL_GILT	1528.24
2023-03-17	CRISIL_GILT	1531.9
2023-03-20	CRISIL_GILT	1532.03
2023-03-21	CRISIL_GILT	1533.04
2023-03-22	CRISIL_GILT	1532.94
2023-03-23	CRISIL_GILT	1537.34
2023-03-24	CRISIL_GILT	1537.4
2023-03-27	CRISIL_GILT	1535.14
2023-03-28	CRISIL_GILT	1534.71
2023-03-29	CRISIL_GILT	1529.11
2023-03-30	CRISIL_GILT	1517.97
2023-03-31	CRISIL_GILT	1515.24
2023-04-03	CRISIL_GILT	1521.51
2023-04-04	CRISIL_GILT	1525.85
2023-04-05	CRISIL_GILT	1519.98
2023-04-06	CRISIL_GILT	1516.4
2023-04-07	CRISIL_GILT	1514.45
2023-04-10	CRISIL_GILT	1514.16
2023-04-11	CRISIL_GILT	1510.66
2023-04-12	CRISIL_GILT	1508.77
2023-04-13	CRISIL_GILT	1513.1
2023-04-14	CRISIL_GILT	1509.72
2023-04-17	CRISIL_GILT	1512.29
2023-04-18	CRISIL_GILT	1515.63
2023-04-19	CRISIL_GILT	1525.26
2023-04-20	CRISIL_GILT	1523.05
2023-04-21	CRISIL_GILT	1519.2
2023-04-24	CRISIL_GILT	1513.06
2023-04-25	CRISIL_GILT	1516.02
2023-04-26	CRISIL_GILT	1518.09
2023-04-27	CRISIL_GILT	1518.13
2023-04-28	CRISIL_GILT	1519.8
2023-05-01	CRISIL_GILT	1520.55
2023-05-02	CRISIL_GILT	1519.42
2023-05-03	CRISIL_GILT	1518.57
2023-05-04	CRISIL_GILT	1518.63
2023-05-05	CRISIL_GILT	1528.48
2023-05-08	CRISIL_GILT	1532.43
2023-05-09	CRISIL_GILT	1528.37
2023-05-10	CRISIL_GILT	1530.34
2023-05-11	CRISIL_GILT	1530.75
2023-05-12	CRISIL_GILT	1538.17
2023-05-15	CRISIL_GILT	1543.5
2023-05-16	CRISIL_GILT	1543.55
2023-05-17	CRISIL_GILT	1543.88
2023-05-18	CRISIL_GILT	1539.9
2023-05-19	CRISIL_GILT	1542.89
2023-05-22	CRISIL_GILT	1547.79
2023-05-23	CRISIL_GILT	1548.71
2023-05-24	CRISIL_GILT	1550.18
2023-05-25	CRISIL_GILT	1549.35
2023-05-26	CRISIL_GILT	1553.24
2023-05-29	CRISIL_GILT	1548.44
2023-05-30	CRISIL_GILT	1544.53
2023-05-31	CRISIL_GILT	1548.59
2023-06-01	CRISIL_GILT	1543.54
2023-06-02	CRISIL_GILT	1541.51
2023-06-05	CRISIL_GILT	1540.87
2023-06-06	CRISIL_GILT	1543.14
2023-06-07	CRISIL_GILT	1544.18
2023-06-08	CRISIL_GILT	1532.69
2023-06-09	CRISIL_GILT	1535.38
2023-06-12	CRISIL_GILT	1534.96
2023-06-13	CRISIL_GILT	1539.53
2023-06-14	CRISIL_GILT	1536.21
2023-06-15	CRISIL_GILT	1542.77
2023-06-16	CRISIL_GILT	1538.64
2023-06-19	CRISIL_GILT	1537.29
2023-06-20	CRISIL_GILT	1542.62
2023-06-21	CRISIL_GILT	1551.85
2023-06-22	CRISIL_GILT	1547.71
2023-06-23	CRISIL_GILT	1557.91
2023-06-26	CRISIL_GILT	1549.04
2023-06-27	CRISIL_GILT	1552.44
2023-06-28	CRISIL_GILT	1559.79
2023-06-29	CRISIL_GILT	1556.18
2023-06-30	CRISIL_GILT	1561.45
2023-07-03	CRISIL_GILT	1559.89
2023-07-04	CRISIL_GILT	1557.39
2023-07-05	CRISIL_GILT	1552.52
2023-07-06	CRISIL_GILT	1552.66
2023-07-07	CRISIL_GILT	1553.66
2023-07-10	CRISIL_GILT	1549.43
2023-07-11	CRISIL_GILT	1555.45
2023-07-12	CRISIL_GILT	1553.51
2023-07-13	CRISIL_GILT	1553.81
2023-07-14	CRISIL_GILT	1555.16
2023-07-17	CRISIL_GILT	1567.39
2023-07-18	CRISIL_GILT	1572.91
2023-07-19	CRISIL_GILT	1576.6
2023-07-20	CRISIL_GILT	1575.3
2023-07-21	CRISIL_GILT	1577.23
2023-07-24	CRISIL_GILT	1579.58
2023-07-25	CRISIL_GILT	1579.91
2023-07-26	CRISIL_GILT	1584.18
2023-07-27	CRISIL_GILT	1597.19
2023-07-28	CRISIL_GILT	1593.18
2023-07-31	CRISIL_GILT	1595.3
2023-08-01	CRISIL_GILT	1597.33
2023-08-02	CRISIL_GILT	1596.83
2023-08-03	CRISIL_GILT	1594.59
2023-08-04	CRISIL_GILT	1592.15
2023-08-07	CRISIL_GILT	1601.63
2023-08-08	CRISIL_GILT	1602.73
2023-08-09	CRISIL_GILT	1607.28
2023-08-10	CRISIL_GILT	1606.61
2023-08-11	CRISIL_GILT	1608.82
2023-08-14	CRISIL_GILT	1611.38
2023-08-15	CRISIL_GILT	1610.87
2023-08-16	CRISIL_GILT	1612.4
2023-08-17	CRISIL_GILT	1618.09
2023-08-18	CRISIL_GILT	1614.02
2023-08-21	CRISIL_GILT	1615.4
2023-08-22	CRISIL_GILT	1618.19
2023-08-23	CRISIL_GILT	1621.91
2023-08-24	CRISIL_GILT	1626.3
2023-08-25	CRISIL_GILT	1629.74
2023-08-28	CRISIL_GILT	1635.12
2023-08-29	CRISIL_GILT	1633.92
2023-08-30	CRISIL_GILT	1640.4
2023-08-31	CRISIL_GILT	1641.38
2023-09-01	CRISIL_GILT	1645.47
2023-09-04	CRISIL_GILT	1640.52
2023-09-05	CRISIL_GILT	1643.73
2023-09-06	CRISIL_GILT	1644.84
2023-09-07	CRISIL_GILT	1644.06
2023-09-08	CRISIL_GILT	1649.91
2023-09-11	CRISIL_GILT	1651.31
2023-09-12	CRISIL_GILT	1652.62
2023-09-13	CRISIL_GILT	1647.15
2023-09-14	CRISIL_GILT	1644.78
2023-09-15	CRISIL_GILT	1646.01
2023-09-18	CRISIL_GILT	1643.69
2023-09-19	CRISIL_GILT	1650.18
2023-09-20	CRISIL_GILT	1649.43
2023-09-21	CRISIL_GILT	1645.9
2023-09-22	CRISIL_GILT	1641.75
2023-09-25	CRISIL_GILT	1641.67
2023-09-26	CRISIL_GILT	1645.66
2023-09-27	CRISIL_GILT	1642.24
2023-09-28	CRISIL_GILT	1638.39
2023-09-29	CRISIL_GILT	1636.48
2023-10-02	CRISIL_GILT	1636.67
2023-10-03	CRISIL_GILT	1632.78
2023-10-04	CRISIL_GILT	1633.75
2023-10-05	CRISIL_GILT	1640.64
2023-10-06	CRISIL_GILT	1641.05
2023-10-09	CRISIL_GILT	1639.83
2023-10-10	CRISIL_GILT	1644.93
2023-10-11	CRISIL_GILT	1640.63
2023-10-12	CRISIL_GILT	1643.29
2023-10-13	CRISIL_GILT	1643.87
2023-10-16	CRISIL_GILT	1651.37
2023-10-17	CRISIL_GILT	1657.07
2023-10-18	CRISIL_GILT	1649.4
2023-10-19	CRISIL_GILT	1650.74
2023-10-20	CRISIL_GILT	1645.15
2023-10-23	CRISIL_GILT	1650.36
2023-10-24	CRISIL_GILT	1646.87
2023-10-25	CRISIL_GILT	1650.61
2023-10-26	CRISIL_GILT	1655.88
2023-10-27	CRISIL_GILT	1648.77
2023-10-30	CRISIL_GILT	1655.37
2023-10-31	CRISIL_GILT	1660.54
2023-11-01	CRISIL_GILT	1656.61
2023-11-02	CRISIL_GILT	1661.94
2023-11-03	CRISIL_GILT	1657.4
2023-11-06	CRISIL_GILT	1661.67
2023-11-07	CRISIL_GILT	1661.76
2023-11-08	CRISIL_GILT	1656.3
2023-11-09	CRISIL_GILT	1662.95
2023-11-10	CRISIL_GILT	1669.61
2023-11-13	CRISIL_GILT	1670.9
2023-11-14	CRISIL_GILT	1671.47
2023-11-15	CRISIL_GILT	1670.26
2023-11-16	CRISIL_GILT	1673.07
2023-11-17	CRISIL_GILT	1675.27
2023-11-20	CRISIL_GILT	1682.21
2023-11-21	CRISIL_GILT	1683.58
2023-11-22	CRISIL_GILT	1690.01
2023-11-23	CRISIL_GILT	1682.59
2023-11-24	CRISIL_GILT	1686.51
2023-11-27	CRISIL_GILT	1687.75
2023-11-28	CRISIL_GILT	1689.76
2023-11-29	CRISIL_GILT	1698.01
2023-11-30	CRISIL_GILT	1703.24
2023-12-01	CRISIL_GILT	1702.22
2023-12-04	CRISIL_GILT	1699.05
2023-12-05	CRISIL_GILT	1691.35
2023-12-06	CRISIL_GILT	1693.76
2023-12-07	CRISIL_GILT	1699.5
2023-12-08	CRISIL_GILT	1705.43
2023-12-11	CRISIL_GILT	1704.18
2023-12-12	CRISIL_GILT	1710.05
2023-12-13	CRISIL_GILT	1716.02
2023-12-14	CRISIL_GILT	1720.69
2023-12-15	CRISIL_GILT	1721.41
2023-12-18	CRISIL_GILT	1721.71
2023-12-19	CRISIL_GILT	1724.52
2023-12-20	CRISIL_GILT	1727.99
2023-12-21	CRISIL_GILT	1726.41
2023-12-22	CRISIL_GILT	1725.33
2023-12-25	CRISIL_GILT	1727
2023-12-26	CRISIL_GILT	1724.8
2023-12-27	CRISIL_GILT	1723.08
2023-12-28	CRISIL_GILT	1715.95
2023-12-29	CRISIL_GILT	1712.08
2024-01-01	CRISIL_GILT	1715.79
2024-01-02	CRISIL_GILT	1720.64
2024-01-03	CRISIL_GILT	1720.96
2024-01-04	CRISIL_GILT	1724.88
2024-01-05	CRISIL_GILT	1715.7
2024-01-08	CRISIL_GILT	1718.05
2024-01-09	CRISIL_GILT	1712.23
2024-01-10	CRISIL_GILT	1709.1
2024-01-11	CRISIL_GILT	1712.39
2024-01-12	CRISIL_GILT	1716.41
2024-01-15	CRISIL_GILT	1708.68
2024-01-16	CRISIL_GILT	1702
2024-01-17	CRISIL_GILT	1699.61
2024-01-18	CRISIL_GILT	1692.44
2024-01-19	CRISIL_GILT	1691.16
2024-01-22	CRISIL_GILT	1695.34
2024-01-23	CRISIL_GILT	1689.21
2024-01-24	CRISIL_GILT	1698.28
2024-01-25	CRISIL_GILT	1697.65
2024-01-26	CRISIL_GILT	1699.73
2024-01-29	CRISIL_GILT	1695.82
2024-01-30	CRISIL_GILT	1700.76
2024-01-31	CRISIL_GILT	1702.25
2024-02-01	CRISIL_GILT	1703.82
2024-02-02	CRISIL_GILT	1705.97
2024-02-05	CRISIL_GILT	1700.91
2024-02-06	CRISIL_GILT	1703.16
2024-02-07	CRISIL_GILT	1706.67
2024-02-08	CRISIL_GILT	1700.58
2024-02-09	CRISIL_GILT	1699.92
2024-02-12	CRISIL_GILT	1699.08
2024-02-13	CRISIL_GILT	1699.75
2024-02-14	CRISIL_GILT	1703.33
2024-02-15	CRISIL_GILT	1707.33
2024-02-16	CRISIL_GILT	1707.39
2024-02-19	CRISIL_GILT	1712
2024-02-20	CRISIL_GILT	1706.55
2024-02-21	CRISIL_GILT	1708.17
2024-02-22	CRISIL_GILT	1700.01
2024-02-23	CRISIL_GILT	1698.36
2024-02-26	CRISIL_GILT	1700.91
2024-02-27	CRISIL_GILT	1704.46
2024-02-28	CRISIL_GILT	1706.21
2024-02-29	CRISIL_GILT	1713.48
2024-03-01	CRISIL_GILT	1714.44
2024-03-04	CRISIL_GILT	1707.58
2024-03-05	CRISIL_GILT	1698.31
2024-03-06	CRISIL_GILT	1694.55
2024-03-07	CRISIL_GILT	1690.78
2024-03-08	CRISIL_GILT	1691.42
2024-03-11	CRISIL_GILT	1689.55
2024-03-12	CRISIL_GILT	1685.99
2024-03-13	CRISIL_GILT	1684
2024-03-14	CRISIL_GILT	1683.04
2024-03-15	CRISIL_GILT	1679.98
2024-03-18	CRISIL_GILT	1680.63
2024-03-19	CRISIL_GILT	1685.12
2024-03-20	CRISIL_GILT	1682.85
2024-03-21	CRISIL_GILT	1683.69
2024-03-22	CRISIL_GILT	1692.97
2024-03-25	CRISIL_GILT	1694.5
2024-03-26	CRISIL_GILT	1699.65
2024-03-27	CRISIL_GILT	1698.11
2024-03-28	CRISIL_GILT	1703.61
2024-03-29	CRISIL_GILT	1700.65
2024-04-01	CRISIL_GILT	1703.72
2024-04-02	CRISIL_GILT	1708.83
2024-04-03	CRISIL_GILT	1715.98
2024-04-04	CRISIL_GILT	1717.01
2024-04-05	CRISIL_GILT	1716.33
2024-04-08	CRISIL_GILT	1710.85
2024-04-09	CRISIL_GILT	1711.02
2024-04-10	CRISIL_GILT	1714.99
2024-04-11	CRISIL_GILT	1718.5
2024-04-12	CRISIL_GILT	1718.9
2024-04-15	CRISIL_GILT	1721
2024-04-16	CRISIL_GILT	1728.76
2024-04-17	CRISIL_GILT	1732.22
2024-04-18	CRISIL_GILT	1731.69
2024-04-19	CRISIL_GILT	1732.18
2024-04-22	CRISIL_GILT	1735.62
2024-04-23	CRISIL_GILT	1738.72
2024-04-24	CRISIL_GILT	1749.14
2024-04-25	CRISIL_GILT	1756.93
2024-04-26	CRISIL_GILT	1752.9
2024-04-29	CRISIL_GILT	1750.53
2024-04-30	CRISIL_GILT	1756.68
2024-05-01	CRISIL_GILT	1753.74
2024-05-02	CRISIL_GILT	1754.99
2024-05-03	CRISIL_GILT	1762.69
2024-05-06	CRISIL_GILT	1764.58
2024-05-07	CRISIL_GILT	1769.46
2024-05-08	CRISIL_GILT	1770.96
2024-05-09	CRISIL_GILT	1771.15
2024-05-10	CRISIL_GILT	1763.45
2024-05-13	CRISIL_GILT	1765.1
2024-05-14	CRISIL_GILT	1763.25
2024-05-15	CRISIL_GILT	1769.73
2024-05-16	CRISIL_GILT	1759.01
2024-05-17	CRISIL_GILT	1757.26
2024-05-20	CRISIL_GILT	1763.92
2024-05-21	CRISIL_GILT	1773.15
2024-05-22	CRISIL_GILT	1778.81
2024-05-23	CRISIL_GILT	1782.32
2024-05-24	CRISIL_GILT	1775.1
2024-05-27	CRISIL_GILT	1770.88
2024-05-28	CRISIL_GILT	1775.53
2024-05-29	CRISIL_GILT	1770.28
2024-05-30	CRISIL_GILT	1769.74
2024-05-31	CRISIL_GILT	1768.86
2024-06-03	CRISIL_GILT	1771.23
2024-06-04	CRISIL_GILT	1774.73
2024-06-05	CRISIL_GILT	1763.92
2024-06-06	CRISIL_GILT	1765.69
2024-06-07	CRISIL_GILT	1763.17
2024-06-10	CRISIL_GILT	1766.15
2024-06-11	CRISIL_GILT	1758.75
2024-06-12	CRISIL_GILT	1763.76
2024-06-13	CRISIL_GILT	1761.09
2024-06-14	CRISIL_GILT	1759.88
2024-06-17	CRISIL_GILT	1767.63
2024-06-18	CRISIL_GILT	1767.53
2024-06-19	CRISIL_GILT	1772.44
2024-06-20	CRISIL_GILT	1772.84
2024-06-21	CRISIL_GILT	1780.8
2024-06-24	CRISIL_GILT	1782.83
2024-06-25	CRISIL_GILT	1785.67
2024-06-26	CRISIL_GILT	1786.99
2024-06-27	CRISIL_GILT	1786.17
2024-06-28	CRISIL_GILT	1790.62
2024-07-01	CRISIL_GILT	1787.76
2024-07-02	CRISIL_GILT	1791.56
2024-07-03	CRISIL_GILT	1796.42
2024-07-04	CRISIL_GILT	1799.36
2024-07-05	CRISIL_GILT	1795.61
2024-07-08	CRISIL_GILT	1798.15
2024-07-09	CRISIL_GILT	1803.42
2024-07-10	CRISIL_GILT	1798.19
2024-07-11	CRISIL_GILT	1791.8
2024-07-12	CRISIL_GILT	1796.13
2024-07-15	CRISIL_GILT	1793.72
2024-07-16	CRISIL_GILT	1797.61
2024-07-17	CRISIL_GILT	1805.9
2024-07-18	CRISIL_GILT	1799.73
2024-07-19	CRISIL_GILT	1793.18
2024-07-22	CRISIL_GILT	1797.33
2024-07-23	CRISIL_GILT	1803.79
2024-07-24	CRISIL_GILT	1812.12
2024-07-25	CRISIL_GILT	1816.33
2024-07-26	CRISIL_GILT	1816.23
2024-07-29	CRISIL_GILT	1817.19
2024-07-30	CRISIL_GILT	1819.25
2024-07-31	CRISIL_GILT	1827.51
2024-08-01	CRISIL_GILT	1829.38
2024-08-02	CRISIL_GILT	1826.72
2024-08-05	CRISIL_GILT	1828.27
2024-08-06	CRISIL_GILT	1821.61
2024-08-07	CRISIL_GILT	1819.58
2024-08-08	CRISIL_GILT	1818.69
2024-08-09	CRISIL_GILT	1817.43
2024-08-12	CRISIL_GILT	1810.69
2024-08-13	CRISIL_GILT	1805.8
2024-08-14	CRISIL_GILT	1806.23
2024-08-15	CRISIL_GILT	1810.56
2024-08-16	CRISIL_GILT	1809.18
2024-08-19	CRISIL_GILT	1810.04
2024-08-20	CRISIL_GILT	1814.56
2024-08-21	CRISIL_GILT	1827.33
2024-08-22	CRISIL_GILT	1826.4
2024-08-23	CRISIL_GILT	1823.05
2024-08-26	CRISIL_GILT	1827.21
2024-08-27	CRISIL_GILT	1831.66
2024-08-28	CRISIL_GILT	1826.15
2024-08-29	CRISIL_GILT	1821.53
2024-08-30	CRISIL_GILT	1815.77
2024-09-02	CRISIL_GILT	1813.02
2024-09-03	CRISIL_GILT	1817.49
2024-09-04	CRISIL_GILT	1819.64
2024-09-05	CRISIL_GILT	1820.94
2024-09-06	CRISIL_GILT	1816.96
2024-09-09	CRISIL_GILT	1812.63
2024-09-10	CRISIL_GILT	1813.48
2024-09-11	CRISIL_GILT	1813.78
2024-09-12	CRISIL_GILT	1816.54
2024-09-13	CRISIL_GILT	1823.42
2024-09-16	CRISIL_GILT	1818.72
2024-09-17	CRISIL_GILT	1818.55
2024-09-18	CRISIL_GILT	1819.59
2024-09-19	CRISIL_GILT	1821
2024-09-20	CRISIL_GILT	1821.86
2024-09-23	CRISIL_GILT	1822.21
2024-09-24	CRISIL_GILT	1823.6
2024-09-25	CRISIL_GILT	1826.5
2024-09-26	CRISIL_GILT	1823.78
2024-09-27	CRISIL_GILT	1826.46
2024-09-30	CRISIL_GILT	1829.35
2024-10-01	CRISIL_GILT	1830.96
2024-10-02	CRISIL_GILT	1838.77
2024-10-03	CRISIL_GILT	1840.3
2024-10-04	CRISIL_GILT	1842.52
2024-10-07	CRISIL_GILT	1838.51
2024-10-08	CRISIL_GILT	1843.86
2024-10-09	CRISIL_GILT	1853.31
2024-10-10	CRISIL_GILT	1854.57
2024-10-11	CRISIL_GILT	1845.47
2024-10-14	CRISIL_GILT	1851.01
2024-10-15	CRISIL_GILT	1857.94
2024-10-16	CRISIL_GILT	1859.48
2024-10-17	CRISIL_GILT	1857.59
2024-10-18	CRISIL_GILT	1864.09
2024-10-21	CRISIL_GILT	1870.26
2024-10-22	CRISIL_GILT	1871.98
2024-10-23	CRISIL_GILT	1877.9
2024-10-24	CRISIL_GILT	1875.01
2024-10-25	CRISIL_GILT	1881.66
2024-10-28	CRISIL_GILT	1883.49
2024-10-29	CRISIL_GILT	1882.59
2024-10-30	CRISIL_GILT	1883.67
2024-10-31	CRISIL_GILT	1888.05
2024-11-01	CRISIL_GILT	1890.06
2024-11-04	CRISIL_GILT	1899.36
2024-11-05	CRISIL_GILT	1905.72
2024-11-06	CRISIL_GILT	1900.65
2024-11-07	CRISIL_GILT	1905.63
2024-11-08	CRISIL_GILT	1911.01
2024-11-11	CRISIL_GILT	1914.52
2024-11-12	CRISIL_GILT	1910.49
2024-11-13	CRISIL_GILT	1916.43
2024-11-14	CRISIL_GILT	1918.24
2024-11-15	CRISIL_GILT	1913.9
2024-11-18	CRISIL_GILT	1916.17
2024-11-19	CRISIL_GILT	1922.19
2024-11-20	CRISIL_GILT	1918.66
2024-11-21	CRISIL_GILT	1915.14
2024-11-22	CRISIL_GILT	1919.21
2024-11-25	CRISIL_GILT	1921.54
2024-11-26	CRISIL_GILT	1926.07
2024-11-27	CRISIL_GILT	1926.96
2024-11-28	CRISIL_GILT	1939.74
2024-11-29	CRISIL_GILT	1938.58
2024-12-02	CRISIL_GILT	1942.4
2024-12-03	CRISIL_GILT	1940.73
2024-12-04	CRISIL_GILT	1934.44
2024-12-05	CRISIL_GILT	1934.4
2024-12-06	CRISIL_GILT	1933.61
2024-12-09	CRISIL_GILT	1942.89
2024-12-10	CRISIL_GILT	1945.6
2024-12-11	CRISIL_GILT	1942.39
2024-12-12	CRISIL_GILT	1943.27
2024-12-13	CRISIL_GILT	1939.44
2024-12-16	CRISIL_GILT	1938.81
2024-12-17	CRISIL_GILT	1944.48
2024-12-18	CRISIL_GILT	1947.39
2024-12-19	CRISIL_GILT	1939.89
2024-12-20	CRISIL_GILT	1936.6
2024-12-23	CRISIL_GILT	1933.13
2024-12-24	CRISIL_GILT	1930.34
2024-12-25	CRISIL_GILT	1932.34
2024-12-26	CRISIL_GILT	1938
2024-12-27	CRISIL_GILT	1936.92
2024-12-30	CRISIL_GILT	1934.41
2024-12-31	CRISIL_GILT	1939.04
2025-01-01	CRISIL_GILT	1941.13
2025-01-02	CRISIL_GILT	1939.14
2025-01-03	CRISIL_GILT	1937.8
2025-01-06	CRISIL_GILT	1936.94
2025-01-07	CRISIL_GILT	1942.92
2025-01-08	CRISIL_GILT	1945.64
2025-01-09	CRISIL_GILT	1955.22
2025-01-10	CRISIL_GILT	1958.48
2025-01-13	CRISIL_GILT	1954.67
2025-01-14	CRISIL_GILT	1947.03
2025-01-15	CRISIL_GILT	1944.54
2025-01-16	CRISIL_GILT	1937.11
2025-01-17	CRISIL_GILT	1933.87
2025-01-20	CRISIL_GILT	1934.52
2025-01-21	CRISIL_GILT	1928.75
2025-01-22	CRISIL_GILT	1933.13
2025-01-23	CRISIL_GILT	1931.22
2025-01-24	CRISIL_GILT	1935.67
2025-01-27	CRISIL_GILT	1931.62
2025-01-28	CRISIL_GILT	1935.7
2025-01-29	CRISIL_GILT	1933.79
2025-01-30	CRISIL_GILT	1933.19
2025-01-31	CRISIL_GILT	1930.65
2025-02-03	CRISIL_GILT	1930.47
2025-02-04	CRISIL_GILT	1933.83
2025-02-05	CRISIL_GILT	1927.67
2025-02-06	CRISIL_GILT	1939.05
2025-02-07	CRISIL_GILT	1950.55
2025-02-10	CRISIL_GILT	1948.65
2025-02-11	CRISIL_GILT	1954.1
2025-02-12	CRISIL_GILT	1948.78
2025-02-13	CRISIL_GILT	1941.3
2025-02-14	CRISIL_GILT	1951.34
2025-02-17	CRISIL_GILT	1955.8
2025-02-18	CRISIL_GILT	1957.13
2025-02-19	CRISIL_GILT	1961.42
2025-02-20	CRISIL_GILT	1958.69
2025-02-21	CRISIL_GILT	1959.78
2025-02-24	CRISIL_GILT	1961.54
2025-02-25	CRISIL_GILT	1954.99
2025-02-26	CRISIL_GILT	1961.26
2025-02-27	CRISIL_GILT	1959.62
2025-02-28	CRISIL_GILT	1954.41
2025-03-03	CRISIL_GILT	1963.32
2025-03-04	CRISIL_GILT	1970.02
2025-03-05	CRISIL_GILT	1969.56
2025-03-06	CRISIL_GILT	1963.93
2025-03-07	CRISIL_GILT	1967.14
2025-03-10	CRISIL_GILT	1968.09
2025-03-11	CRISIL_GILT	1979.6
2025-03-12	CRISIL_GILT	1986.91
2025-03-13	CRISIL_GILT	1985.23
2025-03-14	CRISIL_GILT	1993.16
2025-03-17	CRISIL_GILT	2000.58
2025-03-18	CRISIL_GILT	1992.4
2025-03-19	CRISIL_GILT	1995.95
2025-03-20	CRISIL_GILT	2002.68
2025-03-21	CRISIL_GILT	2001.24
2025-03-24	CRISIL_GILT	1995.64
2025-03-25	CRISIL_GILT	2011.47
2025-03-26	CRISIL_GILT	2020.18
2025-03-27	CRISIL_GILT	2022.26
2025-03-28	CRISIL_GILT	2012.14
2025-03-31	CRISIL_GILT	2010.83
2025-04-01	CRISIL_GILT	2021.62
2025-04-02	CRISIL_GILT	2029.27
2025-04-03	CRISIL_GILT	2028.71
2025-04-04	CRISIL_GILT	2026.96
2025-04-07	CRISIL_GILT	2035.27
2025-04-08	CRISIL_GILT	2034.86
2025-04-09	CRISIL_GILT	2035.08
2025-04-10	CRISIL_GILT	2038.15
2025-04-11	CRISIL_GILT	2042.04
2025-04-14	CRISIL_GILT	2037.25
2025-04-15	CRISIL_GILT	2041.29
2025-04-16	CRISIL_GILT	2037.03
2025-04-17	CRISIL_GILT	2044.57
2025-04-18	CRISIL_GILT	2043.7
2025-04-21	CRISIL_GILT	2046.07
2025-04-22	CRISIL_GILT	2032.18
2025-04-23	CRISIL_GILT	2037.34
2025-04-24	CRISIL_GILT	2043.24
2025-04-25	CRISIL_GILT	2041.44
2025-04-28	CRISIL_GILT	2035.26
2025-04-29	CRISIL_GILT	2028.94
2025-04-30	CRISIL_GILT	2029.82
2025-05-01	CRISIL_GILT	2024.98
2025-05-02	CRISIL_GILT	2025.52
2025-05-05	CRISIL_GILT	2026.98
2025-05-06	CRISIL_GILT	2029.02
2025-05-07	CRISIL_GILT	2037.27
2025-05-08	CRISIL_GILT	2044.88
2025-05-09	CRISIL_GILT	2046.56
2025-05-12	CRISIL_GILT	2050.91
2025-05-13	CRISIL_GILT	2053.86
2025-05-14	CRISIL_GILT	2062.37
2025-05-15	CRISIL_GILT	2064.04
2025-05-16	CRISIL_GILT	2069.79
2025-05-19	CRISIL_GILT	2082.27
2025-05-20	CRISIL_GILT	2085.45
2025-05-21	CRISIL_GILT	2083.9
2025-05-22	CRISIL_GILT	2082.58
2025-05-23	CRISIL_GILT	2079.69
2025-05-26	CRISIL_GILT	2084.66
2025-05-27	CRISIL_GILT	2087.54
2025-05-28	CRISIL_GILT	2086.64
2025-05-29	CRISIL_GILT	2095.75
2025-05-30	CRISIL_GILT	2094.65
2025-06-02	CRISIL_GILT	2096.15
2025-06-03	CRISIL_GILT	2093.01
2025-06-04	CRISIL_GILT	2093.42
2025-06-05	CRISIL_GILT	2090.17
2025-06-06	CRISIL_GILT	2090.61
2025-06-09	CRISIL_GILT	2086.07
2025-06-10	CRISIL_GILT	2084.36
2025-06-11	CRISIL_GILT	2081.61
2025-06-12	CRISIL_GILT	2079.11
2025-06-13	CRISIL_GILT	2075.34
2025-06-16	CRISIL_GILT	2074.51
2025-06-17	CRISIL_GILT	2062.31
2025-06-18	CRISIL_GILT	2066.71
2025-06-19	CRISIL_GILT	2069.07
2025-06-20	CRISIL_GILT	2071.5
2025-06-23	CRISIL_GILT	2071.46
2025-06-24	CRISIL_GILT	2078.87
2025-06-25	CRISIL_GILT	2075.96
2025-06-26	CRISIL_GILT	2067.92
2025-06-27	CRISIL_GILT	2070.12
2025-06-30	CRISIL_GILT	2080.88
2025-07-01	CRISIL_GILT	2089.27
2025-07-02	CRISIL_GILT	2094.88
2025-07-03	CRISIL_GILT	2107.68
2025-07-04	CRISIL_GILT	2106.29
2025-07-07	CRISIL_GILT	2104.64
2025-07-08	CRISIL_GILT	2104.04
2025-07-09	CRISIL_GILT	2091.61
2025-07-10	CRISIL_GILT	2100.07
2025-07-11	CRISIL_GILT	2100.81
2025-07-14	CRISIL_GILT	2098.21
2025-07-15	CRISIL_GILT	2097.87
2025-07-16	CRISIL_GILT	2093.55
2025-07-17	CRISIL_GILT	2094.49
2025-07-18	CRISIL_GILT	2092.45
2025-07-21	CRISIL_GILT	2090.65
2025-07-22	CRISIL_GILT	2086.65
2025-07-23	CRISIL_GILT	2087.47
2025-07-24	CRISIL_GILT	2085.44
2025-07-25	CRISIL_GILT	2093.2
2025-07-28	CRISIL_GILT	2096.64
2025-07-29	CRISIL_GILT	2090.34
2025-07-30	CRISIL_GILT	2094.17
2025-07-31	CRISIL_GILT	2096.58
2025-08-01	CRISIL_GILT	2097.55
2025-08-04	CRISIL_GILT	2097.32
2025-08-05	CRISIL_GILT	2104.15
2025-08-06	CRISIL_GILT	2098.89
2025-08-07	CRISIL_GILT	2099.13
2025-08-08	CRISIL_GILT	2090.88
2025-08-11	CRISIL_GILT	2094.29
2025-08-12	CRISIL_GILT	2094.55
2025-08-13	CRISIL_GILT	2089.98
2025-08-14	CRISIL_GILT	2091.55
2025-08-15	CRISIL_GILT	2099.35
2025-08-18	CRISIL_GILT	2100.54
2025-08-19	CRISIL_GILT	2092.82
2025-08-20	CRISIL_GILT	2093.32
2025-08-21	CRISIL_GILT	2095.47
2025-08-22	CRISIL_GILT	2092.41
2025-08-25	CRISIL_GILT	2104.75
2025-08-26	CRISIL_GILT	2097.68
2025-08-27	CRISIL_GILT	2084.87
2025-08-28	CRISIL_GILT	2080.55
2025-08-29	CRISIL_GILT	2070.95
2025-09-01	CRISIL_GILT	2076.48
2025-09-02	CRISIL_GILT	2082.63
2025-09-03	CRISIL_GILT	2074.79
2025-09-04	CRISIL_GILT	2069.7
2025-09-05	CRISIL_GILT	2063.96
2025-09-08	CRISIL_GILT	2064.44
2025-09-09	CRISIL_GILT	2067.47
2025-09-10	CRISIL_GILT	2075.87
2025-09-11	CRISIL_GILT	2078.69
2025-09-12	CRISIL_GILT	2077.52
2025-09-15	CRISIL_GILT	2076.11
2025-09-16	CRISIL_GILT	2077.22
2025-09-17	CRISIL_GILT	2078.64
2025-09-18	CRISIL_GILT	2078.59
2025-09-19	CRISIL_GILT	2079.69
2025-09-22	CRISIL_GILT	2080.16
2025-09-23	CRISIL_GILT	2073.16
2025-09-24	CRISIL_GILT	2074.52
2025-09-25	CRISIL_GILT	2070.55
2025-09-26	CRISIL_GILT	2072.22
2025-09-29	CRISIL_GILT	2075.37
2025-09-30	CRISIL_GILT	2082.13
2025-10-01	CRISIL_GILT	2082.55
2025-10-02	CRISIL_GILT	2079.8
2025-10-03	CRISIL_GILT	2084.82
2025-10-06	CRISIL_GILT	2085.75
2025-10-07	CRISIL_GILT	2096.7
2025-10-08	CRISIL_GILT	2089.81
2025-10-09	CRISIL_GILT	2087.36
2025-10-10	CRISIL_GILT	2084.21
2025-10-13	CRISIL_GILT	2094.51
2025-10-14	CRISIL_GILT	2097.51
2025-10-15	CRISIL_GILT	2088.24
2025-10-16	CRISIL_GILT	2079.42
2025-10-17	CRISIL_GILT	2084.52
2025-10-20	CRISIL_GILT	2079.57
2025-10-21	CRISIL_GILT	2080.19
2025-10-22	CRISIL_GILT	2079.7
2025-10-23	CRISIL_GILT	2090.69
2025-10-24	CRISIL_GILT	2090.04
2025-10-27	CRISIL_GILT	2088.42
2025-10-28	CRISIL_GILT	2091.98
2025-10-29	CRISIL_GILT	2098.45
2025-10-30	CRISIL_GILT	2099.7
2025-10-31	CRISIL_GILT	2088.19
2025-11-03	CRISIL_GILT	2093.05
2025-11-04	CRISIL_GILT	2086.5
2025-11-05	CRISIL_GILT	2079.03
2025-11-06	CRISIL_GILT	2077.05
2025-11-07	CRISIL_GILT	2078.3
2025-11-10	CRISIL_GILT	2086.55
2025-11-11	CRISIL_GILT	2076.46
2025-11-12	CRISIL_GILT	2077.86
2025-11-13	CRISIL_GILT	2086.21
2025-11-14	CRISIL_GILT	2086.27
2025-11-17	CRISIL_GILT	2090.92
2025-11-18	CRISIL_GILT	2095.14
2025-11-19	CRISIL_GILT	2092.74
2025-11-20	CRISIL_GILT	2096.54
2025-11-21	CRISIL_GILT	2097.76
2025-11-24	CRISIL_GILT	2096.68
2025-11-25	CRISIL_GILT	2105.73
2025-11-26	CRISIL_GILT	2105.41
2025-11-27	CRISIL_GILT	2114.04
2025-11-28	CRISIL_GILT	2112.82
2025-12-01	CRISIL_GILT	2112.75
2025-12-02	CRISIL_GILT	2112.11
2025-12-03	CRISIL_GILT	2118.31
2025-12-04	CRISIL_GILT	2114.31
2025-12-05	CRISIL_GILT	2117.37
2025-12-08	CRISIL_GILT	2120.09
2025-12-09	CRISIL_GILT	2122.84
2025-12-10	CRISIL_GILT	2134.44
2025-12-11	CRISIL_GILT	2133.9
2025-12-12	CRISIL_GILT	2149.26
2025-12-15	CRISIL_GILT	2155.96
2025-12-16	CRISIL_GILT	2148.72
2025-12-17	CRISIL_GILT	2143.18
2025-12-18	CRISIL_GILT	2149.35
2025-12-19	CRISIL_GILT	2145.93
2025-12-22	CRISIL_GILT	2147.88
2025-12-23	CRISIL_GILT	2144.74
2025-12-24	CRISIL_GILT	2142.85
2025-12-25	CRISIL_GILT	2142.09
2025-12-26	CRISIL_GILT	2148.03
2025-12-29	CRISIL_GILT	2147.42
2025-12-30	CRISIL_GILT	2155.78
2025-12-31	CRISIL_GILT	2151.1
2026-01-01	CRISIL_GILT	2156.03
2026-01-02	CRISIL_GILT	2157.8
2026-01-05	CRISIL_GILT	2151.71
2026-01-06	CRISIL_GILT	2149.13
2026-01-07	CRISIL_GILT	2149.11
2026-01-08	CRISIL_GILT	2156.45
2026-01-09	CRISIL_GILT	2156.38
2026-01-12	CRISIL_GILT	2168.27
2026-01-13	CRISIL_GILT	2167.14
2026-01-14	CRISIL_GILT	2168.3
2026-01-15	CRISIL_GILT	2176.16
2026-01-16	CRISIL_GILT	2169.88
2026-01-19	CRISIL_GILT	2177.09
2026-01-20	CRISIL_GILT	2174.14
2026-01-21	CRISIL_GILT	2173.49
2026-01-22	CRISIL_GILT	2175.48
2026-01-23	CRISIL_GILT	2171.68
2026-01-26	CRISIL_GILT	2186.92
2026-01-27	CRISIL_GILT	2188.77
2026-01-28	CRISIL_GILT	2190.16
2026-01-29	CRISIL_GILT	2187.53
2026-01-30	CRISIL_GILT	2180.77
2026-02-02	CRISIL_GILT	2187.65
2026-02-03	CRISIL_GILT	2186.78
2026-02-04	CRISIL_GILT	2189.23
2026-02-05	CRISIL_GILT	2184.47
2026-02-06	CRISIL_GILT	2189.58
2026-02-09	CRISIL_GILT	2188.47
2026-02-10	CRISIL_GILT	2180
2026-02-11	CRISIL_GILT	2179.03
2026-02-12	CRISIL_GILT	2183.94
2026-02-13	CRISIL_GILT	2187.8
2026-02-16	CRISIL_GILT	2190.54
2026-02-17	CRISIL_GILT	2190.98
2026-02-18	CRISIL_GILT	2191.81
2026-02-19	CRISIL_GILT	2189.37
2026-02-20	CRISIL_GILT	2196.42
2026-02-23	CRISIL_GILT	2196.76
2026-02-24	CRISIL_GILT	2194.48
2026-02-25	CRISIL_GILT	2205.04
2026-02-26	CRISIL_GILT	2212.56
2026-02-27	CRISIL_GILT	2213.73
2026-03-02	CRISIL_GILT	2212.41
2026-03-03	CRISIL_GILT	2211.25
2026-03-04	CRISIL_GILT	2206.52
2026-03-05	CRISIL_GILT	2212.46
2026-03-06	CRISIL_GILT	2223.37
2026-03-09	CRISIL_GILT	2227.22
2026-03-10	CRISIL_GILT	2236.58
2026-03-11	CRISIL_GILT	2242.08
2026-03-12	CRISIL_GILT	2234.43
2026-03-13	CRISIL_GILT	2243.33
2026-03-16	CRISIL_GILT	2242.7
2026-03-17	CRISIL_GILT	2244.58
2026-03-18	CRISIL_GILT	2240.08
2026-03-19	CRISIL_GILT	2230.84
2026-03-20	CRISIL_GILT	2227.98
2026-03-23	CRISIL_GILT	2230.15
2026-03-24	CRISIL_GILT	2231.52
2026-03-25	CRISIL_GILT	2236.64
2026-03-26	CRISIL_GILT	2238.92
2026-03-27	CRISIL_GILT	2240.42
2026-03-30	CRISIL_GILT	2237.99
2026-03-31	CRISIL_GILT	2250.08
2026-04-01	CRISIL_GILT	2261.92
2026-04-02	CRISIL_GILT	2264.09
2026-04-03	CRISIL_GILT	2256.85
2026-04-06	CRISIL_GILT	2259.59
2026-04-07	CRISIL_GILT	2253.08
2026-04-08	CRISIL_GILT	2245.8
2026-04-09	CRISIL_GILT	2252.11
2026-04-10	CRISIL_GILT	2247.91
2026-04-13	CRISIL_GILT	2245.76
2026-04-14	CRISIL_GILT	2251.61
2026-04-15	CRISIL_GILT	2254.94
2026-04-16	CRISIL_GILT	2259.57
2026-04-17	CRISIL_GILT	2270.49
2026-04-20	CRISIL_GILT	2268.09
2026-04-21	CRISIL_GILT	2270.69
2026-04-22	CRISIL_GILT	2279.95
2026-04-23	CRISIL_GILT	2275.31
2026-04-24	CRISIL_GILT	2275.2
2026-04-27	CRISIL_GILT	2280.81
2026-04-28	CRISIL_GILT	2274.39
2026-04-29	CRISIL_GILT	2276.36
2026-04-30	CRISIL_GILT	2275.36
2026-05-01	CRISIL_GILT	2270.81
2026-05-04	CRISIL_GILT	2278.36
2026-05-05	CRISIL_GILT	2284.29
2026-05-06	CRISIL_GILT	2288.02
2026-05-07	CRISIL_GILT	2292.76
2026-05-08	CRISIL_GILT	2291.11
2026-05-11	CRISIL_GILT	2292.07
2026-05-12	CRISIL_GILT	2287.98
2026-05-13	CRISIL_GILT	2293.1
2026-05-14	CRISIL_GILT	2288.53
2026-05-15	CRISIL_GILT	2286.31
2026-05-18	CRISIL_GILT	2281.08
2026-05-19	CRISIL_GILT	2282.98
2026-05-20	CRISIL_GILT	2282.14
2026-05-21	CRISIL_GILT	2285.11
2026-05-22	CRISIL_GILT	2281.95
2026-05-25	CRISIL_GILT	2278.26
2026-05-26	CRISIL_GILT	2281.42
2026-05-27	CRISIL_GILT	2281.3
2026-05-28	CRISIL_GILT	2298.35
2026-05-29	CRISIL_GILT	2302.79
